index,degradation,predicted_iou,model_runtime_sec,e2e_runtime_sec,fps_e2e,input_scale,iou,dice,precision,recall,boundary_f1
185,original,0.8645135164260864,0.028449547000036546,0.1114825939999946,8.970010152437325,3.8095238095238093,0.6114659665344991,0.7588940495584566,0.6118016075276959,0.9991035984114488,0.07862410368188574
185,blur,0.8705517053604126,0.028061099000012746,0.09301861000000144,10.750536908689396,3.8095238095238093,0.60510728435233,0.753977369925767,0.6096992213744082,0.9877064925080115,0.10002578401436123
185,lowres,0.8687798976898193,0.028005084999961127,0.09346659499999532,10.699009630125609,3.8095238095238093,0.6119903698146536,0.7592977988882406,0.6147076313178931,0.9928287872960732,0.08508160888504346
185,dark,0.859378457069397,0.028065939999976308,0.09286730200000193,10.768052678002633,3.8095238095238093,0.6152237392468569,0.761781447731473,0.6158799130947596,0.9982712255083888,0.0923383128297472
185,bright,0.8879057765007019,0.028093363999971643,0.09622952199998736,10.391821337324437,3.8095238095238093,0.6158283614522044,0.7622447731994714,0.6166079835421068,0.997951082084135,0.09123148853468949
2783,original,0.8746178150177002,0.028210716999979013,0.09249378200001956,10.811537579896868,3.8323353293413174,0.8856678763754265,0.9393678361619336,0.9168623411248251,0.9630059826882379,0.13046979634689337
2783,blur,0.8560445308685303,0.029380692000017916,0.09853374099998291,10.14880780787744,3.8323353293413174,0.8842725200209148,0.938582408462975,0.9155684001874873,0.9627832230141035,0.12903807070071024
2783,lowres,0.8757212162017822,0.02813388199996325,0.09250825699996312,10.809845871384201,3.8323353293413174,0.8797530864196254,0.9360304741888151,0.9098433298783426,0.9637697301424129,0.09902975272051083
2783,dark,0.8733339905738831,0.028193921000024602,0.09284478900002568,10.770663714898673,3.8323353293413174,0.8876890799452916,0.94050348585056,0.9193041100051783,0.9627036659876269,0.1397984610615975
2783,bright,0.874542772769928,0.028280043999984628,0.09362101300001768,10.681362740646815,3.8323353293413174,0.8581589466257851,0.9236658125335387,0.9182338511854649,0.9291624236251068,0.13092368978136823
726,original,0.8010596632957458,0.028169530000013765,0.08866424100000359,11.278504036367487,3.4133333333333336,0.6861931699139564,0.8138962749433645,0.8252368474095886,0.8028631661516883,0.04493206601524348
726,blur,0.734897792339325,0.0281996470000081,0.08800907099998767,11.362465125897534,3.4133333333333336,0.7056473383002472,0.8274246644719135,0.8556800921801562,0.8009756336714221,0.0781502046455288
726,lowres,0.7509493231773376,0.02790208299995811,0.08738426299998991,11.443708119391193,3.4133333333333336,0.7030364198589798,0.8256269938339837,0.8500765975123076,0.8025444918368382,0.06089408626938569
726,dark,0.789609968662262,0.027978497999981755,0.08056416499999841,12.412466510389821,3.4133333333333336,0.6947996771039864,0.8199195297124855,0.8389206658627648,0.8017600627541301,0.050247928887218976
726,bright,0.8032256364822388,0.028080442000032235,0.08261518000000478,12.104313033027854,3.4133333333333336,0.6852495394404863,0.8132321337622125,0.8243634623615926,0.8023974113838305,0.043645694626207814
1273,original,0.597522497177124,0.02798942600003329,0.0876814570000306,11.404919970703167,3.4133333333333336,0.44407922226233487,0.6150344322060503,0.8583889726465332,0.47918482671541707,0.07206013613875899
1273,blur,0.5757206678390503,0.027883470000006128,0.0858765989999597,11.644615781773908,3.4133333333333336,0.41778523489921204,0.5893491124259193,0.8570936836665383,0.44906669872841115,0.046791847774960704
1273,lowres,0.5921684503555298,0.028045754999993733,0.10049519600005397,9.950724410741614,3.4133333333333336,0.4447983904768646,0.6157238178124717,0.8634193968318163,0.47846343442830314,0.08842702325268345
1273,dark,0.5502398014068604,0.02824562299997524,0.08914215400000103,11.218037203812559,3.4133333333333336,0.44084043916835514,0.6119212470505141,0.8580571676515387,0.47551774925592133,0.06537000804750201
1273,bright,0.5966675281524658,0.0280015459999845,0.08902481699999498,11.232822865561817,3.4133333333333336,0.4444940061331351,0.6154321225922308,0.8597465624152818,0.4792449427393432,0.06927571242580183
211,original,0.873587965965271,0.0283752710000158,0.0845527590000188,11.826935180196518,5.688888888888889,0.708788540907127,0.8295801662280105,0.7197978303738661,0.9788767812221645,0.5424455561436229
211,blur,0.8628191947937012,0.02862523699997155,0.08391164800002571,11.917296630852652,5.688888888888889,0.6752648549047958,0.8061589221880628,0.683210998484582,0.983067896058704,0.361795542381733
211,lowres,0.8406251668930054,0.027815872000019226,0.0838197989999685,11.930355499902545,5.688888888888889,0.6753579327195025,0.8062252483840712,0.688419553867242,0.9726739312640861,0.38773822706410815
211,dark,0.9043998718261719,0.02789924399996835,0.08258257500000354,12.109092020925202,5.688888888888889,0.703248570384836,0.8257732695186615,0.7194423699269114,0.9689857502079313,0.5354167411264005
211,bright,0.8448490500450134,0.028109506000021156,0.08300276200003509,12.047791855403284,5.688888888888889,0.6912097061963943,0.817414544942455,0.7041075972365151,0.9741827326052402,0.47935888241699015
2872,original,0.8158711194992065,0.028148665999992772,0.095262756000011,10.497281854829863,3.8323353293413174,0.1452675213018891,0.2536831239861853,0.9912005028273714,0.145455104456481,0.048334620220227734
2872,blur,0.7156660556793213,0.028069704999950318,0.09087222499999825,11.004462584689868,3.8323353293413174,0.14185081392319537,0.24845770076709292,0.9737201723946455,0.1423959662418499,0.021692682674711136
2872,lowres,0.7558599710464478,0.028160532000015337,0.09211108400000967,10.85645675388963,3.8323353293413174,0.14487134296790166,0.2530788177339563,0.9792810525215173,0.1453167514718997,0.025811998086744156
2872,dark,0.7913219928741455,0.028163501000051383,0.10430321999996295,9.58743172071155,3.8323353293413174,0.14385399892644063,0.25152510558419905,0.9838472834057228,0.14419455504140688,0.036292518718084296
2872,bright,0.7625390291213989,0.028146225000000413,0.09200764199999867,10.868662409585657,3.8323353293413174,0.1445394666134184,0.25257227178211117,0.9915736254466067,0.14471722187204736,0.04931313403734145
2642,original,0.7370455861091614,0.02885228799999595,0.09564359199998762,10.45548352052827,3.855421686746988,0.2001464386923296,0.33353669558926097,0.9995936886293766,0.2001627228964404,0.03556430481382768
2642,blur,0.588005781173706,0.028357615999993868,0.09306269100000009,10.745444702431817,3.855421686746988,0.187281355932178,0.31547931751212677,0.9996381269443442,0.18729405383413286,0.03744636122703935
2642,lowres,0.5867865085601807,0.02812150800002655,0.0916758669999922,10.907996103272033,3.855421686746988,0.19499268014962384,0.3263495808613807,0.9981265611983082,0.19506407214045765,0.04385026282438531
2642,dark,0.7678580284118652,0.02823845499995059,0.09220681499999728,10.845185358587969,3.855421686746988,0.19629805410533646,0.32817583115127597,0.9999999999993091,0.19629805410533646,0.005867965835459279
2642,bright,0.6197869777679443,0.02824622600002158,0.09594132099999797,10.423037639850937,3.855421686746988,0.15971252288288568,0.27543467839057617,0.9999999999991509,0.15971252288288568,0.0
488,original,0.406387060880661,0.02824060699998654,0.0879659039999865,11.368040962782052,3.4133333333333336,0.7464632112186488,0.8548284400422966,0.791601153039573,0.9290327541131289,0.11298108453313217
488,blur,0.5981703400611877,0.027977019999980257,0.08655509100003655,11.553335435804437,3.4133333333333336,0.7230413594899653,0.8392617571338992,0.7941398476632148,0.8898200830382554,0.1395178019500566
488,lowres,0.6700375080108643,0.027909521999958997,0.08664215999999669,11.541725183213787,3.4133333333333336,0.724670445137641,0.8403581648664562,0.8084040777178956,0.8749423343069064,0.1798013157658114
488,dark,0.4624056816101074,0.0284704389999888,0.10172254299999395,9.830662609369288,3.4133333333333336,0.7499144927083269,0.8570870129176323,0.7968414444772204,0.9271874519448996,0.1196951740778101
488,bright,0.36256176233291626,0.02803767500000731,0.0878612989999965,11.381575407848679,3.4133333333333336,0.02883284637858341,0.05604962259918689,0.9999999999866667,0.02883284637858341,0.0
904,original,0.9386289119720459,0.02934251400000676,0.11246222699998043,8.891874424647256,5.688888888888889,0.7890139318389425,0.8820657210063294,0.935194981861799,0.8346485903140312,0.2221300492348977
904,blur,0.9017764925956726,0.028723879999972723,0.11981387999998105,8.346278411150346,5.688888888888889,0.790485926966937,0.8829847976588248,0.9375189451345342,0.8344462430861883,0.2513515041635884
904,lowres,0.930742084980011,0.028777596999987054,0.11505914700001085,8.691182110014301,5.688888888888889,0.7873687559653874,0.88103672321397,0.9329688972663778,0.8345811412380836,0.20034545584347774
904,dark,0.9293829202651978,0.02849994599995398,0.11242506400003549,8.894813704528417,5.688888888888889,0.7908143697261599,0.8831896628650421,0.9379809697103991,0.8344462430861883,0.24277505045278944
904,bright,0.8930385112762451,0.028654878999986977,0.11607749600000261,8.614934284936483,5.688888888888889,0.7902791738267921,0.8828557974425177,0.9534856427505854,0.8219681640358755,0.3106923990302182
1528,original,0.6416575908660889,0.028852755000002617,0.13013128300002563,7.6845473044310415,3.8323353293413174,0.15680508702269505,0.2711002722615426,0.8785648574049689,0.16027890512951082,0.009218862087437331
1528,blur,0.6573846340179443,0.028831216000014592,0.1361556539999924,7.344535247871938,3.8323353293413174,0.25757440476186644,0.40963684341307915,0.9125850160800798,0.2640902017026847,0.04486871682579956
1528,lowres,0.7631171941757202,0.029223314999967442,0.1311809270000026,7.623059410153277,3.8323353293413174,0.24681649613507786,0.39591471062528866,0.9119022726017102,0.2528455036464782,0.0461627191429667
1528,dark,0.7342990636825562,0.028849250000007487,0.12957902099998364,7.7172986204312055,3.8323353293413174,0.25169854708891404,0.4021711899790752,0.9219493518564119,0.25717860303313034,0.06978860155277174
1528,bright,0.5982679724693298,0.028652816000033,0.12811296000000993,7.805611547808454,3.8323353293413174,0.016615300112902166,0.03268748780597129,0.9999999999908173,0.016615300112902166,0.0
1497,original,0.7793017625808716,0.02866721600003075,0.11961479500001815,8.36016982681656,3.4133333333333336,0.031757102338758655,0.06155926092831836,0.9999999999853587,0.031757102338758655,0.0
1497,blur,0.8332918882369995,0.028514497999992727,0.11695958000001383,8.549962303215194,3.4133333333333336,0.029432277863007655,0.05718157181569233,0.9999999999842022,0.029432277863007655,0.0
1497,lowres,0.8470657467842102,0.02925355600001467,0.12370614600001772,8.083672738457608,3.4133333333333336,0.028409355093677216,0.05524911836510749,0.9999999999836334,0.028409355093677216,0.0
1497,dark,0.7674269676208496,0.030675185000006877,0.13091159099997185,7.638743004813188,3.4133333333333336,0.031803598828273674,0.06164661349192842,0.9999999999853801,0.031803598828273674,0.0
1497,bright,0.7153546810150146,0.029096056000014414,0.12694897400001537,7.877180637945754,3.4133333333333336,0.031245640954093434,0.06059786284320276,0.999999999985119,0.031245640954093434,0.0
2110,original,0.6470035314559937,0.02872504399999798,0.12375245800001267,8.080647577924454,3.585434173669468,0.349382774440548,0.5178408692602461,0.8799285288851936,0.3668736031783626,0.15258314194413203
2110,blur,0.7001465559005737,0.029504741000039303,0.12556058199999143,7.964282930769373,3.585434173669468,0.34738204833124886,0.5156400128107484,0.9094903339180147,0.35982120685355856,0.14078772385205499
2110,lowres,0.6773523092269897,0.02988751200001616,0.13794256500000301,7.249393977848521,3.585434173669468,0.3496193504864847,0.5181006783289832,0.9213968253956554,0.3603675192449166,0.16142091680102427
2110,dark,0.5858826637268066,0.029221510000013495,0.12415956400002415,8.054151994282176,3.585434173669468,0.34533898305068117,0.5133858267714698,0.9188981422153506,0.3561956791654551,0.1539907956798491
2110,bright,0.6845114231109619,0.028051306000008935,0.11334810199997492,8.822379751892283,3.585434173669468,0.35134874759135293,0.5199971483565552,0.9210758934197234,0.3622547802332445,0.16300310556022504
462,original,0.5980966687202454,0.02826489799997489,0.08058254799999531,12.40963490010341,2.56,0.09208239304747759,0.1686363476486785,0.9999999999989571,0.09208239304747759,0.0
462,blur,0.598296046257019,0.02810506399998758,0.07142740999995567,14.000227643710176,2.56,0.2638444452810052,0.4175267712196046,0.9297867400746477,0.2692082393047228,0.041318721927664774
462,lowres,0.6176595687866211,0.02800075100003596,0.07087056699998584,14.110229991530897,2.56,0.26228875757459236,0.41557647725321345,0.9286713752662151,0.26768137513801626,0.038064988264874394
462,dark,0.6939547061920166,0.028135340000005726,0.07186623400002645,13.91474054421207,2.56,0.6386801443591609,0.7795055631298073,0.7739565880024637,0.7851346809429313,0.06710569020701686
462,bright,0.5888237953186035,0.02825820699996484,0.08426062799998135,11.86793908063706,2.56,0.15553651624564266,0.2692022520430309,0.8882675556506676,0.15864022662887994,0.01575656109241496
1105,original,0.9069348573684692,0.028220370999974875,0.08086930799998981,12.365630728534564,6.597938144329897,0.8130187854946658,0.8968674698787976,0.8136111920710964,0.9991052254813904,0.33938050176635703
1105,blur,0.9042714834213257,0.02812768699999424,0.08564163900001631,11.676563079319507,6.597938144329897,0.8331341499838166,0.9089723738889177,0.8345054616177847,0.9980314960612061,0.5119561586421426
1105,lowres,0.896935224533081,0.028127756999992926,0.0846932919999972,11.807310548278522,6.597938144329897,0.8169590643262911,0.8992597360790962,0.8169590643262911,0.9999999999982104,0.3920357835669166
1105,dark,0.9238258600234985,0.02804957099999683,0.08353153100000554,11.9715272547792,6.597938144329897,0.8093858632664986,0.8946525776489795,0.8093858632664986,0.9999999999982104,0.3420146165986882
1105,bright,0.901446521282196,0.028865838999990956,0.08543850600000269,11.704324511479268,6.597938144329897,0.8213235294105569,0.9018974565999984,0.8216860379567137,0.9994631352881184,0.4124559292102355
3591,original,0.8704016804695129,0.027976431000013235,0.0931075200000464,10.740271032882216,3.8323353293413174,0.750096974398395,0.8572061838530346,0.750096974398395,0.9999999999993535,0.03957005112765008
3591,blur,0.8055529594421387,0.027935970000044108,0.09214883399999962,10.852009261452013,3.8323353293413174,0.67133637651468,0.8033527971366851,0.7809448242182733,0.8270846800253218,0.05524630146559351
3591,lowres,0.8419663906097412,0.02825716900002817,0.09381382399999438,10.659409854138978,3.8323353293413174,0.6739531208845542,0.8052234109500298,0.7844880441442155,0.8270846800253218,0.056746170889771845
3591,dark,0.8391250371932983,0.02798231899998882,0.09210534099997858,10.857133681316402,3.8323353293413174,0.6727644407167036,0.8043743928803921,0.7805753208047311,0.8296703296697934,0.0406983222185742
3591,bright,0.8167173266410828,0.02816456899995501,0.09347723700000188,10.697791591764526,3.8323353293413174,0.7439646051742118,0.8531877343919995,0.7439646051742118,0.9999999999993535,0.04814110103702428
244,original,0.89692622423172,0.028562523999994482,0.10706763199999614,9.339890883175936,3.855421686746988,0.7068275340814862,0.828235448477059,0.7121904439553473,0.9894588345934443,0.11611867169047259
244,blur,0.7789128422737122,0.028032327000005353,0.09398464200000944,10.64003627315939,3.855421686746988,0.7560622074586273,0.8610881826934824,0.7672294916186783,0.9811121125432105,0.2837383651501136
244,lowres,0.8406208753585815,0.028091198000026907,0.0949482529999841,10.532052653987929,3.855421686746988,0.7290590055762667,0.8433014758027687,0.7409132718153456,0.978525804302293,0.21877959554874227
244,dark,0.8944251537322998,0.028033561000029295,0.09636355899999671,10.377366821829755,3.855421686746988,0.709251597286524,0.8298972467394233,0.7156976909310928,0.987460323680008,0.11691981395188976
244,bright,0.8824718594551086,0.028040395999994416,0.09739648800001532,10.26731066524537,3.855421686746988,0.7092780007913414,0.8299153215134907,0.7179854056372248,0.9831889964336442,0.13143776324335837
756,original,0.5883448719978333,0.02817817400000422,0.08515952699997342,11.742667382362423,12.427184466019417,0.43218085106347054,0.6035283194054065,0.999999999998077,0.43218085106347054,0.0
756,blur,0.8486512303352356,0.02809907400001066,0.07871498800000154,12.704060883550925,12.427184466019417,0.43218085106347054,0.6035283194054065,0.999999999998077,0.43218085106347054,0.0
756,lowres,0.8740833401679993,0.02799826000000394,0.07291761999999835,13.714106412140476,12.427184466019417,0.43218085106347054,0.6035283194054065,0.999999999998077,0.43218085106347054,0.0
756,dark,0.8230835795402527,0.028097005999995872,0.07250466599998617,13.79221580029333,12.427184466019417,0.43218085106347054,0.6035283194054065,0.999999999998077,0.43218085106347054,0.0
756,bright,0.5614162683486938,0.02793381000003592,0.07213847399998485,13.862228358201893,12.427184466019417,0.432097739361343,0.6034472752593562,0.9999999999980765,0.432097739361343,0.0
3062,original,0.868719756603241,0.028142534999972213,0.07361159099997394,13.584817097627383,2.622950819672131,0.6183427848720479,0.7641678767343919,0.9413671879851255,0.6431111299698186,0.07039450237292096
3062,blur,0.8667258620262146,0.02921920799997224,0.07879770699997835,12.690724617155102,2.622950819672131,0.6183371131160678,0.7641635455365353,0.9410632697654772,0.6432469130563379,0.08469340107540858
3062,lowres,0.854179859161377,0.028176244000007955,0.07260487199999943,13.773180400345693,2.622950819672131,0.6173276964557223,0.7633922275721355,0.9389441601723466,0.6431450757414484,0.06616170068988586
3062,dark,0.8425055146217346,0.029256906000000527,0.07586678800004165,13.180998251823327,2.622950819672131,0.6208743948292725,0.7660980971874376,0.9470448581780648,0.6432044808418006,0.09522750971911129
3062,bright,0.8020864129066467,0.028035564999981943,0.07116332800001146,14.05218148313467,2.622950819672131,0.6109354118418033,0.7584852966182088,0.9654231596619753,0.62460219798866,0.05006728143941657
1635,original,0.8062297701835632,0.028172040000015386,0.07929431000002296,12.611245371826938,3.1920199501246884,0.026593171389613916,0.051808588116005,0.9999999999944874,0.026593171389613916,0.0
1635,blur,0.7655166387557983,0.02807168399999682,0.07695435299996234,12.994716491222912,3.1920199501246884,0.024833975928338466,0.0484643884017268,0.9999999999940968,0.024833975928338466,0.0
1635,lowres,0.7972702980041504,0.02791420199997674,0.07737937600001032,12.923340193385206,3.1920199501246884,0.025669593772444304,0.050054313647011316,0.999999999994289,0.025669593772444304,0.0
1635,dark,0.7946513891220093,0.02791107899997769,0.07609172900004069,13.142032821983388,3.1920199501246884,0.02678375089791876,0.05217018846372756,0.9999999999945266,0.02678375089791876,0.0
1635,bright,0.7537065148353577,0.028027217999976983,0.0780556949999891,12.811365013150413,3.1920199501246884,0.02609473267558587,0.0508622290800436,0.999999999994382,0.02609473267558587,0.0
1300,original,0.9187287092208862,0.027198514999952295,0.0863379029999578,11.582398520849976,3.843843843843844,0.6944072711050666,0.8196462361167569,0.8220945968246325,0.8172124155126949,0.03767609859368062
1300,blur,0.907037615776062,0.02710108499996977,0.09177032299999155,10.896768882464237,3.843843843843844,0.691521816246798,0.8176327489303903,0.8365949119372341,0.799511122776954,0.04362880387202343
1300,lowres,0.8973639011383057,0.027114783999991232,0.09198399199999585,10.871456850883849,3.843843843843844,0.6944354143403352,0.8196658408614382,0.8337773855786255,0.8060240173238392,0.04451938791791963
1300,dark,0.8941227197647095,0.02711197200000015,0.10403763900001195,9.611905937233784,3.843843843843844,0.6998797651883868,0.8234461983972421,0.8355370923888689,0.8117002427979507,0.07567277651071477
1300,bright,0.907999575138092,0.02728146200001902,0.09452294800001937,10.579441512973073,3.843843843843844,0.692908344352329,0.8186011329720524,0.820523808738801,0.8166874466827193,0.04665781592508192
998,original,0.879481315612793,0.027192438000042785,0.09070601000001943,11.024627805806757,3.742690058479532,0.6233311826888126,0.767965513551406,0.6313686062584816,0.9799859550557974,0.0757881273642619
998,blur,0.8016385436058044,0.02694847499998332,0.09250360499999033,10.810389497794215,3.742690058479532,0.6181209045670252,0.7639984167096849,0.6264542867127811,0.978932584269281,0.029513721225164193
998,lowres,0.8102367520332336,0.02712111900001446,0.09083237100003316,11.009290949805052,3.742690058479532,0.6788973435509549,0.8087419354837405,0.6893697756267353,0.9781132958797681,0.05051858612603183
998,dark,0.8903328776359558,0.02695581300002914,0.0915640510000344,10.92131670757582,3.742690058479532,0.636370533343288,0.77778292920383,0.6439923224566491,0.9817415730333248,0.06923522454221882
998,bright,0.8151249885559082,0.02700793200000362,0.09260538600000245,10.798507983109896,3.742690058479532,0.6308048173382368,0.7736116678485441,0.6395360693345299,0.9788155430707791,0.07504843371585969
1470,original,0.6676710247993469,0.02707386800000222,0.09279135999997834,10.776865432301385,3.843843843843844,0.6747356677140325,0.8057816892799898,0.86044143944228,0.7576516831978166,0.04658110318207464
1470,blur,0.7200994491577148,0.026925138999956744,0.09088994100000036,11.002317627205809,3.843843843843844,0.6548346282347177,0.791420021145264,0.8239061761559058,0.7613985081659221,0.03194611302138395
1470,lowres,0.7240250110626221,0.027427840999962427,0.09279343600002221,10.776624329330371,3.843843843843844,0.656229854506079,0.7924381422309041,0.8272012401704201,0.7604790419160803,0.02982079239995012
1470,dark,0.7249791622161865,0.028582861000018056,0.10039554599995881,9.960601240222452,3.843843843843844,0.6725565592447232,0.8042257889902745,0.8540665529890904,0.7598813888536831,0.038315642956892076
1470,bright,0.7156916260719299,0.027001941000037277,0.09485209799998984,10.542729376424623,3.843843843843844,0.6696441390625916,0.8021399571271012,0.8614379947228415,0.7504798464490501,0.052611477888583225
3449,original,0.7116594910621643,0.026991672000008293,0.08602946700000302,11.623924160775806,3.4133333333333336,0.699050842182927,0.8228721881974904,0.8006103537376814,0.8464074606125694,0.0924382562503101
3449,blur,0.7469973564147949,0.02688526700001148,0.08554403099998353,11.689886346368136,3.4133333333333336,0.6938818484626721,0.8192801039723322,0.7876015818519866,0.8536137343096688,0.0982868385963357
3449,lowres,0.7361673712730408,0.026980884000010974,0.08755373699995062,11.421557026178837,3.4133333333333336,0.6972252238343823,0.8216060120285115,0.7942366026287435,0.8509290441087887,0.10370943048403776
3449,dark,0.7402946352958679,0.02800708099999838,0.08869397799998069,11.274722619840297,3.4133333333333336,0.6981028857236391,0.8222150631657935,0.8038289352318725,0.8414619786635797,0.10025412946588123
3449,bright,0.6410982012748718,0.028256424999995033,0.08867720599999984,11.276855069159506,3.4133333333333336,0.7022530936258266,0.8250865823131108,0.8016035179672186,0.8499870475470763,0.095831481318788
2702,original,0.7885874509811401,0.028143381000006684,0.08323034000000007,12.014849392661368,5.182186234817814,0.8752178816772083,0.9334572693967776,0.8896068367158517,0.9818547807330031,0.1597029092118746
2702,blur,0.7903728485107422,0.0280367909999768,0.07335113900001033,13.633053469011015,5.182186234817814,0.5935214496232416,0.7449180552462205,0.9208654416119396,0.6254205607474838,0.16319306740688502
2702,lowres,0.8212741613388062,0.028082999999980984,0.07305451300004506,13.688408271223205,5.182186234817814,0.8799989862636526,0.9361696391257955,0.8811602294064658,0.9985046728969093,0.17524102013267837
2702,dark,0.7280933856964111,0.028494803000000957,0.07441934400003447,13.437366499757601,5.182186234817814,0.5847282302048458,0.7379539520530437,0.8990374685004754,0.6258231488136231,0.058802001492160645
2702,bright,0.7132524847984314,0.02799629499997991,0.07347297999996272,13.610445635940007,5.182186234817814,0.8815035584900488,0.937020346852255,0.8921856715639339,0.9865995686553598,0.15681897041270615
1328,original,0.8326471447944641,0.028167160000009517,0.1013164139999958,9.870069029486588,3.8323353293413174,0.8300859943469752,0.907155179495456,0.8528048931172455,0.9689046432453694,0.1728851320028093
1328,blur,0.8383748531341553,0.027960575000008703,0.09191547500000752,10.879560813888174,3.8323353293413174,0.8502496356247556,0.9190647783456098,0.8795714102396768,0.9622714350889824,0.2270310324815442
1328,lowres,0.8137683868408203,0.028354653000008057,0.09267033300000094,10.790939965652113,3.8323353293413174,0.8466950564707626,0.9169841588127604,0.8751873943412092,0.9629733618780181,0.17052235597249468
1328,dark,0.8676251173019409,0.02799252099998739,0.0940198869999449,10.63604766936793,3.8323353293413174,0.8406651871216245,0.9134362870590613,0.8627230750028507,0.9704839785206997,0.14564787363137888
1328,bright,0.8378139138221741,0.028092034999986026,0.09733450300001323,10.273849140626568,3.8323353293413174,0.8219521482513099,0.9022763293099775,0.8955538653018615,0.9091004808195314,0.20036522880654295
2164,original,0.8403183817863464,0.028201566000007006,0.09536902499996813,10.485584811214482,3.843843843843844,0.0013737782058770274,0.002743787056893727,0.9999999998850575,0.0013737782058770274,0.0
2164,blur,0.8041486144065857,0.028229647999978624,0.0940599299999576,10.6315197130218,3.843843843843844,0.0022106775726756763,0.004411602514612738,0.9999999999285714,0.0022106775726756763,0.0
2164,lowres,0.8490504026412964,0.0280953260000274,0.09312283799999932,10.738504339827006,3.843843843843844,0.001831704274502703,0.003656710536684742,0.9999999999137932,0.001831704274502703,0.0
2164,dark,0.8408023118972778,0.028328842000007626,0.0924388120000117,10.817966808139783,3.843843843843844,0.0013579876517864867,0.0027122920444685467,0.999999999883721,0.0013579876517864867,0.0
2164,bright,0.8427180051803589,0.028134739999984504,0.09445882599999322,10.586623212954942,3.843843843843844,0.001421149868148649,0.0028382661347541214,0.999999999888889,0.001421149868148649,0.0
1409,original,0.8804202675819397,0.028188541999952577,0.11186396199997262,8.939429483109537,4.142394822006472,0.4214207866837568,0.592957118161965,0.6772282902905209,0.5273376478463321,0.022243671886758458
1409,blur,0.879505455493927,0.028376162000029126,0.09811427200003209,10.192197114805815,4.142394822006472,0.4087528109322861,0.580304518663968,0.6450996450994495,0.5273376478463321,0.017406522837106052
1409,lowres,0.913154661655426,0.028470110999990084,0.09991746999997986,10.008259816828845,4.142394822006472,0.4201074716503181,0.5916558852579064,0.6739240666791297,0.5272880557413953,0.02350325114372897
1409,dark,0.8981533050537109,0.028265372000021216,0.11427279700001236,8.750989091479854,4.142394822006472,0.42307998725294316,0.5945976207137027,0.6825616143437927,0.5267177465346211,0.02136029802955433
1409,bright,0.893069863319397,0.028172712000014144,0.09723364000001311,10.284506473272678,4.142394822006472,0.42422661798330374,0.5957290962361117,0.6896259335353065,0.5243373254976508,0.042698620302452056
646,original,0.909834623336792,0.028124120999962088,0.08436481399996865,11.853282815278554,2.9698375870069604,0.7187889395134909,0.8363899987824527,0.8867596841004862,0.7914349451722551,0.04606257501868941
646,blur,0.9175962209701538,0.02831129899999496,0.07618477699998039,13.12598184805683,2.9698375870069604,0.6394320817522161,0.7800653517391151,0.8970470109323363,0.6900744650767493,0.027280614740703604
646,lowres,0.9226136207580566,0.0281142480000085,0.0753861919999963,13.26502869384952,2.9698375870069604,0.6352247676574796,0.7769265488406988,0.897233310014554,0.6850682334704616,0.030724208607002836
646,dark,0.9125453233718872,0.02835341000002245,0.07676505599999928,13.026760509365218,2.9698375870069604,0.7013391729132672,0.824455445544509,0.8682097800019848,0.7848996135355951,0.025375276230255303
646,bright,0.8768264055252075,0.02760140200001615,0.07595641099999284,13.165445639606304,2.9698375870069604,0.6858646789871398,0.8136651624959652,0.8922042708449361,0.7478346477308839,0.06359354671635345
206,original,0.8101159930229187,0.027386347999993177,0.08616573199998356,11.605541748315801,5.688888888888889,0.8277584126555745,0.9057634826617084,0.8767128150511619,0.9368053711637762,0.39665373933251424
206,blur,0.8062906265258789,0.027555086999996092,0.08388966199999004,11.920419943998805,5.688888888888889,0.8251580406339118,0.9042044823113717,0.8835197451765,0.9258809695402929,0.3804844619336039
206,lowres,0.778008222579956,0.027348807000009856,0.08216948599999796,12.16996781506002,5.688888888888889,0.8237208829210918,0.903340955992916,0.8858663943987435,0.9215187952809158,0.395690224977463
206,dark,0.761315107345581,0.02745698300003596,0.08249848599996312,12.12143456790767,5.688888888888889,0.825284424606227,0.9042803559607075,0.8774665477249322,0.932784584455133,0.3947549650891129
206,bright,0.7291740775108337,0.02770963099999335,0.08381203900000855,11.931460109208153,5.688888888888889,0.8253814563784764,0.9043386011119212,0.8732558550281276,0.9377157379657332,0.3952488372002093
2825,original,0.6155562400817871,0.027339073000007375,0.08598555399998986,11.629860522851523,3.4133333333333336,0.35905805061248064,0.528392514875528,0.9859810399307711,0.3609005162931661,0.032134989652577606
2825,blur,0.693763017654419,0.027511249999975007,0.0862228459999983,11.597854239235152,3.4133333333333336,0.3854954653738052,0.5564730813027943,0.9838141965759204,0.3879559626081337,0.09264304677209084
2825,lowres,0.6160979270935059,0.027489812999988317,0.08885393299999578,11.254425845168244,3.4133333333333336,0.38261151019040446,0.5534620641740695,0.9819131832794797,0.38532717847337195,0.05483315579695296
2825,dark,0.5947195291519165,0.02756347999996933,0.08851531400000567,11.297480117394555,3.4133333333333336,0.04739172038148417,0.0904947393783541,0.9999999999977812,0.04739172038148417,0.0
2825,bright,0.829198956489563,0.027261785999996846,0.08548075100003416,11.698540177771722,3.4133333333333336,0.3389312816852268,0.5062713618261809,0.9947016603514787,0.339544273982362,0.05258835512991043
3454,original,0.8370182514190674,0.027727473000027203,0.08871029599998792,11.272648667524862,3.4133333333333336,0.05173075357835753,0.09837261752088419,0.9999999999977524,0.05173075357835753,0.0
3454,blur,0.8313762545585632,0.027343192999978783,0.09285111499997356,10.769929903375795,3.4133333333333336,0.054602746415816354,0.10355130707062883,0.9999999999978706,0.054602746415816354,0.0
3454,lowres,0.8307527899742126,0.027633066000021245,0.08757440699997687,11.41886122049635,3.4133333333333336,0.05333534876689728,0.1012694557898111,0.99999999999782,0.05333534876689728,0.0
3454,dark,0.8218278884887695,0.02747460199998386,0.08568499500000826,11.670654821184312,3.4133333333333336,0.0513703010360044,0.09772066223553183,0.9999999999977366,0.0513703010360044,0.0
3454,bright,0.7889460325241089,0.027432821999980206,0.08997207999999546,11.114559094332936,3.4133333333333336,0.052777228701318235,0.10026286143446132,0.9999999999977969,0.052777228701318235,0.0
1015,original,0.8288300037384033,0.027457857000001695,0.09212382700002308,10.854955037850843,3.843843843843844,0.6450839832662775,0.7842565970224543,0.7427146868039639,0.8307209182704376,0.07236784182666164
1015,blur,0.7628308534622192,0.027483076999999412,0.09253996300003564,10.806142206903788,3.843843843843844,0.5674801596402204,0.7240667847055526,0.7879299363054816,0.669779907414746,0.05661614957179968
1015,lowres,0.7436655759811401,0.028044143999977678,0.09412825800001201,10.623802259252184,3.843843843843844,0.5717931773122686,0.7275679594054763,0.783243850667754,0.6792820596116086,0.07309441520129345
1015,dark,0.8213738203048706,0.02797479700001304,0.09336436099999901,10.710725048501223,3.843843843843844,0.6462162504752089,0.7850927850926843,0.7463582461018603,0.8280678957197467,0.06342273266027858
1015,bright,0.6627634763717651,0.027996977999976025,0.09324417499999527,10.72453051356882,3.843843843843844,0.617458595205311,0.7634923045766551,0.716941215621784,0.8165082974631646,0.06967087724635318
3509,original,0.9061502814292908,0.028137598999990132,0.09557194399997115,10.4633217463935,3.8905775075987843,0.7608365980028049,0.8641762658338306,0.7608365980028049,0.9999999999991694,0.048985299408876234
3509,blur,0.9142098426818848,0.028169669000021713,0.09363087400004133,10.680237802752526,3.8905775075987843,0.7495581923751896,0.8568542568539477,0.7574462657052379,0.9862968192002438,0.054522201139313414
3509,lowres,0.9012795686721802,0.028053504999945744,0.10568379099998992,9.46218895573206,3.8905775075987843,0.7594303310233773,0.8632684314151304,0.7694507637304066,0.983140935137461,0.059806225350384636
3509,dark,0.9163283109664917,0.028127948000019387,0.09813092899997855,10.190467064672532,3.8905775075987843,0.7619921528915568,0.8649211651040244,0.7619921528915568,0.9999999999991694,0.04873237303377259
3509,bright,0.7636138796806335,0.028253858999960357,0.0951610340000002,10.508502881547061,3.8905775075987843,0.7632963549915922,0.865760713258245,0.7632963549915922,0.9999999999991694,0.06267029473447203
2247,original,0.9286900758743286,0.028956596000000445,0.1415884709999773,7.062721935885305,3.843843843843844,0.8055487245979733,0.8923035015599906,0.8442793879892115,0.946120519889472,0.13701952400386688
2247,blur,0.8692607283592224,0.029498193999984323,0.13647924500003228,7.3271214242118905,3.843843843843844,0.8435002695036808,0.9151072917724862,0.8869858793955281,0.945070237626114,0.34283178474238074
2247,lowres,0.86618572473526,0.028559607000033793,0.14361157000001867,6.963227266437307,3.843843843843844,0.8334876829040486,0.9091827457317774,0.8757632520006627,0.9452540370222017,0.2690983037481572
2247,dark,0.9293144345283508,0.02862571600002184,0.12910286900000756,7.745761250278191,3.843843843843844,0.8070348381313304,0.8932144761147957,0.8461430047916833,0.9458316922670486,0.13925974838114383
2247,bright,0.9200934171676636,0.028777826000009554,0.1415354829999842,7.065366075022414,3.843843843843844,0.8212092638161907,0.9018285598826967,0.8687200447653776,0.9375607194431043,0.3108850407761901
2261,original,0.6780421733856201,0.0287684909999939,0.1369309710000266,7.302949746845845,3.843843843843844,0.11999636236868606,0.21427991447205263,0.9999999999987369,0.11999636236868606,0.0
2261,blur,0.6757040023803711,0.028938062000008813,0.1377028139999652,7.262015720319649,3.843843843843844,0.11785925398243056,0.21086599867121192,0.999999999998714,0.11785925398243056,0.0
2261,lowres,0.6736906170845032,0.029119987999990826,0.12789911100003337,7.818662633235497,3.843843843843844,0.7988609679072581,0.8881853374545442,0.8793582411051208,0.8971914455036002,0.13473759048052678
2261,dark,0.6535629630088806,0.028449824000006174,0.12448599999999033,8.033031826872723,3.843843843843844,0.798738408453634,0.8881095824715336,0.8782512041495549,0.8981917941099326,0.11489879275288907
2261,bright,0.6852383613586426,0.02866666299996723,0.12528413199999022,7.981856792527229,3.843843843843844,0.11893538657409114,0.21258669267444022,0.9999999999987257,0.11893538657409114,0.0
1787,original,0.9237522482872009,0.028718283999978667,0.12498733099999981,8.000810898186165,3.4133333333333336,0.776516714816229,0.8742014171215444,0.8566178861787226,0.8925219394841439,0.1408841571782905
1787,blur,0.874092161655426,0.02925229400000262,0.12331206700002895,8.109506428107846,3.4133333333333336,0.7645604726876938,0.8665732736528456,0.8739188863235461,0.8593501168974927,0.15186754589486348
1787,lowres,0.9031164050102234,0.03235488499996109,0.13544382700001734,7.383134559538634,3.4133333333333336,0.780497568497097,0.8767184884794966,0.8620813886840478,0.8918612137022852,0.16280691763214386
1787,dark,0.8873996734619141,0.02889950400003727,0.1309727629999884,7.6351752615930435,3.4133333333333336,0.7772481681591626,0.8746647565423802,0.860262795726971,0.8895571443091368,0.1529415785948954
1787,bright,0.7412635684013367,0.028670422999994116,0.11860227900001519,8.431541184801954,3.4133333333333336,0.725281793677909,0.8407690805474426,0.883083463861997,0.8023243994170701,0.19989153275820512
887,original,0.8240145444869995,0.02943307900000036,0.10243368100003636,9.76241398568548,4.776119402985074,0.5540359051663549,0.7130284484733923,0.9434772462072609,0.5730566422859407,0.07455196633663012
887,blur,0.8243156671524048,0.029201949000025706,0.09747686499997599,10.258844496078597,4.776119402985074,0.5467289719624657,0.7069486404832573,0.9568352286470085,0.5605545160740034,0.11585611785987322
887,lowres,0.8306387662887573,0.029297546999998758,0.10010736200001702,9.98927531423543,4.776119402985074,0.5518860109348451,0.711245551601297,0.9550798050267824,0.5665929579858915,0.09677418855517793
887,dark,0.8382760286331177,0.029132532999994964,0.09863857099998086,10.13802197114346,4.776119402985074,0.5501646542259742,0.709814473870431,0.9450362967846964,0.5683506265236241,0.041785797746813805
887,bright,0.8168838024139404,0.029374180999980126,0.09429225499997074,10.605324901820518,4.776119402985074,0.558655989432687,0.7168432203388565,0.9501544509964662,0.5755230481372752,0.11063483002359092
492,original,0.8276241421699524,0.028070264999996652,0.07322269999997388,13.65696703345215,2.628336755646817,0.7095528923711053,0.8301034680324795,0.7118497109822475,0.9954732842931084,0.11162559448067993
492,blur,0.6863290667533875,0.028319923000026392,0.0747790830000099,13.372723492742852,2.628336755646817,0.7161192462512594,0.8345798205055635,0.7201525374005748,0.9922399159316204,0.1296866786032682
492,lowres,0.6821256279945374,0.02930998700003329,0.07742141599999286,12.91632279110075,2.628336755646817,0.7151865475560721,0.8339460784310886,0.7203175536602644,0.9901382264966533,0.13300268079655028
492,dark,0.7987745404243469,0.028139368999973158,0.07324302300003183,13.653177586615525,2.628336755646817,0.7168650217702659,0.8350860582285073,0.7178235088938973,0.998140813191336,0.11922244906703838
492,bright,0.5344680547714233,0.02828429599998117,0.07249073700000963,13.794865956458231,2.628336755646817,0.7173871154212105,0.8354401974714506,0.777406556691879,0.9028372807364782,0.22028558490598052
277,original,0.9424663782119751,0.028032270000039716,0.08888677300001291,11.250267798560476,3.8323353293413174,0.865003635041672,0.9276160311852091,0.8683310273523486,0.995589568370233,0.12729098332710373
277,blur,0.9499157667160034,0.028044760000000224,0.09337049399999842,10.710021519218019,3.8323353293413174,0.8733060774494505,0.9323688082392568,0.8777548633340191,0.994229830555576,0.1861058718220752
277,lowres,0.9518068432807922,0.028007009000020844,0.09476234000004524,10.552715350840034,3.8323353293413174,0.867422862001812,0.9290052935005465,0.8705823186063261,0.9958336238754278,0.1430656602059479
277,dark,0.9462031722068787,0.02800686500000893,0.09176170099999581,10.897792751248646,3.8323353293413174,0.8673546935796348,0.9289661964722459,0.8713144916249261,0.994787671710307,0.14286651722572152
277,bright,0.9344461560249329,0.028220577000013236,0.0945975249999833,10.571101093820124,3.8323353293413174,0.8657990250420105,0.9280731883998236,0.8704520817746049,0.9938637472977837,0.11684343530038922
2820,original,0.7789578437805176,0.028088682999964476,0.08510309700000107,11.750453687954357,3.2,0.3993843786068492,0.5708001099804395,0.8529170090372179,0.42892561983435623,0.12612798034944708
2820,blur,0.7234843969345093,0.02820058700001482,0.07808608999999933,12.806378191045404,3.2,0.49018873576955496,0.6578881238374338,0.8394254200322696,0.5409090909086438,0.1433122935988419
2820,lowres,0.7353628873825073,0.02814065100000107,0.07772422299996151,12.86600188979046,3.2,0.4847827712551523,0.6530016116032167,0.8358690046404901,0.5357851239664994,0.1225692349412218
2820,dark,0.7511063814163208,0.028327681999996912,0.08452556899999308,11.830739642818397,3.2,0.359842519684756,0.5292414591774585,0.8839458413909401,0.377685950412911,0.1098255134405353
2820,bright,0.7419540882110596,0.028074523000043428,0.07719699300002958,12.953872439041982,3.2,0.3576491200124571,0.5268653214450217,0.9076394502811083,0.37115702479308166,0.08345890344032081
1325,original,0.7501540780067444,0.02822142200000144,0.08081505900003094,12.373931447598363,3.4133333333333336,0.6344074986314195,0.7763149632666815,0.6618014417241233,0.9387496836239236,0.04982674756784731
1325,blur,0.8080915808677673,0.02816154499998902,0.08758458399995561,11.41753439167453,3.4133333333333336,0.6423386305667902,0.7822243459561219,0.6446785468147929,0.9943811693237183,0.033044191613319514
1325,lowres,0.7293617129325867,0.0280916320000415,0.08685529100000622,11.513403368827909,3.4133333333333336,0.6378582909186185,0.7788931367937402,0.6533026956579143,0.9642622120977148,0.07096901023327203
1325,dark,0.7723067402839661,0.02804101700002093,0.08596785899999304,11.632254328912401,3.4133333333333336,0.6559132357002432,0.7922072504274348,0.67371483307884,0.9612756264232035,0.07857096954606725
1325,bright,0.7378843426704407,0.02819628399998919,0.08670012599998245,11.53400861263111,3.4133333333333336,0.648065351127627,0.7864558898519559,0.6586265801159349,0.9758542141225128,0.08785101686843956
2846,original,0.6504064202308655,0.028393063000009988,0.08847064899998713,11.303183725939949,3.4133333333333336,0.7321013640959154,0.8453331649883455,0.7333242059143666,0.9977274420680285,0.10790402926001763
2846,blur,0.6178838014602661,0.028111586999955307,0.08733772099998305,11.449806435872011,3.4133333333333336,0.7384025594349556,0.8495184909011678,0.7398104396361492,0.9974294016835565,0.14171459574987919
2846,lowres,0.6138657927513123,0.028350681999995686,0.09142637700000478,10.937762523390244,3.4133333333333336,0.7423474334467043,0.8521233127174822,0.7432533629175584,0.9983607778850315,0.1457424828312129
2846,dark,0.7626323103904724,0.02833729700000731,0.09244338300004529,10.817431897743402,3.4133333333333336,0.7306497329116073,0.8443646556745809,0.7313074551949778,0.9987705834136805,0.09409330594378831
2846,bright,0.6158455610275269,0.029303173000016614,0.09388781899997412,10.65100894505043,3.4133333333333336,0.7526271424555346,0.8588559702448284,0.7538132492821653,0.9979137173083236,0.16997309059625934
2982,original,0.8868412971496582,0.028080858000009812,0.09250249400002986,10.810519335831932,3.843843843843844,0.7905660377357216,0.8830347734456528,0.8040116116968488,0.9792848581700002,0.01815019453496615
2982,blur,0.8402853012084961,0.028013593000025594,0.09458622699997932,10.572363775544389,3.843843843843844,0.8242078815572865,0.9036337249608616,0.840969701140579,0.9763883339990059,0.07679300868603671
2982,lowres,0.8126619458198547,0.028023771999983182,0.09290880499997911,10.763242515068672,3.843843843843844,0.817650008356875,0.8996781609194575,0.8335321179075084,0.977227327207156,0.08270518095865903
2982,dark,0.9050540924072266,0.02802362400001357,0.09268947999999,10.788710865570806,3.843843843843844,0.7992011737853278,0.8883955673549208,0.8129446296202821,0.9792848581700002,0.019303461687524354
2982,bright,0.8476271629333496,0.028004463000002033,0.09144773600002054,10.935207843743397,3.843843843843844,0.7906861694231971,0.8831097072446672,0.8192178236428405,0.957810627247112,0.07722414380568682
1757,original,0.7565630078315735,0.02808384899998373,0.08865808199999492,11.279287544254085,3.4133333333333336,0.8720736400852019,0.9316659573770955,0.8746680763177525,0.9966102169739889,0.08748314343735397
1757,blur,0.7280879020690918,0.02791060499998821,0.08718981900000244,11.469228993352676,3.4133333333333336,0.8838109221216036,0.9383223249669128,0.8877876238922012,0.9949573475646798,0.0883302770698355
1757,lowres,0.7363959550857544,0.027953584000044884,0.0891573830000425,11.216121047423782,3.4133333333333336,0.8828198757762878,0.9377634973311513,0.8863874476151359,0.9954616128081978,0.09582565357544313
1757,dark,0.7653127312660217,0.027901154999995015,0.08643051899997545,11.56998721713431,3.4133333333333336,0.8786596863833765,0.9354112325419529,0.8848508320422662,0.9920998445180776,0.11354266105460181
1757,bright,0.7120049595832825,0.02795443900004102,0.09221004599999105,10.844805347999685,3.4133333333333336,0.876045973616746,0.9339280443408917,0.8782073423466794,0.9971985264247598,0.10206836072842039
115,original,0.7870924472808838,0.02814151600000514,0.10025738799998862,9.974327278505536,3.843843843843844,0.46589629339465644,0.6356470038078271,0.8312512012299144,0.5145635268286323,0.1270412027734625
115,blur,0.7941291928291321,0.028022346000000198,0.09266577800002551,10.791470395896582,3.843843843843844,0.6087562585343074,0.7568035932166978,0.8316104461369979,0.6943443979362629,0.12433206578885475
115,lowres,0.7917312979698181,0.028009171999997307,0.0929183300000318,10.76213918179177,3.843843843843844,0.4646036947883893,0.63444288231912,0.8139416725941108,0.5198092086050251,0.12119232653034014
115,dark,0.8040639758110046,0.028555939999989732,0.0942211540000244,10.613327873268682,3.843843843843844,0.4688559109595439,0.638396057041782,0.8653945809888834,0.5057378024378354,0.08742485244544788
115,bright,0.71236652135849,0.028021045000002687,0.0938596299999972,10.654207778147324,3.843843843843844,0.46039403315567967,0.6305065930197499,0.8425689733150896,0.503726056436992,0.0961546004536902
1614,original,0.8148850798606873,0.02828559499999983,0.09402121400000851,10.635897553927665,3.843843843843844,0.779857373519809,0.8763144565652237,0.8330315051165872,0.9243417380347154,0.07187967472664167
1614,blur,0.8169768452644348,0.02796498499998279,0.0923936869999693,10.823250294149775,3.843843843843844,0.7800562440290127,0.8764399963715963,0.8330770667776757,0.9245650128381538,0.05096152678548567
1614,lowres,0.783779501914978,0.028375886999981503,0.09478219499999341,10.550504765162588,3.843843843843844,0.7891450200182024,0.8821476305036177,0.8464063782388255,0.9210404605838762,0.100336024772615
1614,dark,0.8196892142295837,0.028004268000017873,0.09470687599997518,10.558895428039058,3.843843843843844,0.7893086476978842,0.88224985523141,0.8446769087114508,0.923321053218997,0.0940813151017633
1614,bright,0.6967296600341797,0.028043415000013283,0.09328456399998686,10.719887161611656,3.843843843843844,0.37202727423909226,0.5423030303029706,0.8773487360498886,0.39243736344347285,0.058238345682632385
2225,original,0.9179490804672241,0.027996867000013026,0.1008238929999834,9.91828395279445,3.3333333333333335,0.8068369895578216,0.8930932831470035,0.8363590991326914,0.9580846882256642,0.04211018880594834
2225,blur,0.902517557144165,0.02799510699998109,0.07848837099999173,12.740740918168697,3.3333333333333335,0.822644594948885,0.9026933689965548,0.8576690471593551,0.9527068072179824,0.057759579443482006
2225,lowres,0.9119160175323486,0.027856774999975187,0.07765364099998351,12.877696230627645,3.3333333333333335,0.8202198882131289,0.9012316517630419,0.8536998561609632,0.9543684116489273,0.04898878871279501
2225,dark,0.9122653007507324,0.02790969599999471,0.07818996999998262,12.789364160137447,3.3333333333333335,0.8079348039733277,0.8937654191929004,0.8401226318684317,0.9547257459351519,0.043247826872534936
2225,bright,0.9234945774078369,0.02790336599997545,0.07957608800001026,12.566589098974946,3.3333333333333335,0.8115793131580504,0.8959909259984408,0.8401920760795145,0.9597284259422978,0.05198454014678394
1370,original,0.536505937576294,0.027467489999992267,0.08404114699999354,11.898933268962605,3.855421686746988,0.6729867379354706,0.8045332609940015,0.8383165829144412,0.773367329199633,0.10281383649606017
1370,blur,0.48753800988197327,0.027582007999967573,0.0953881000000365,10.48348798224954,3.855421686746988,0.7555483878970394,0.8607548423112462,0.8402290128991047,0.8823086283825575,0.10953558999330738
1370,lowres,0.5119175910949707,0.028352608000034252,0.09417679399996359,10.618327058366274,3.855421686746988,0.7297995402525237,0.8437966634515168,0.8324428718439133,0.8554644492088928,0.1193151008633022
1370,dark,0.5505510568618774,0.02767450000004601,0.09433113400001503,10.600953869587116,3.855421686746988,0.32361097562670554,0.48898200692764987,0.8947713173810755,0.3364142087268447,0.01575491861168359
1370,bright,0.5798754692077637,0.027520476999995935,0.09571174600000631,10.448038425711449,3.855421686746988,0.325729583513389,0.49139671855274597,0.8967065868260031,0.33842788433674187,0.03478998240368398
2090,original,0.7975274324417114,0.02777840100003459,0.09176098699998647,10.89787754789677,3.2653061224489797,0.8458412301439161,0.9164831907866395,0.9392404239392362,0.894802658095628,0.20211594062527455
2090,blur,0.7173022031784058,0.027543039999955,0.08057851600000276,12.4102558552948,3.2653061224489797,0.6888313998139892,0.8157491622785533,0.9688028539346824,0.7044573743552976,0.16992585569625865
2090,lowres,0.7637884020805359,0.027555867999979,0.07959895700003017,12.562978683246076,3.2653061224489797,0.8340392002363012,0.9095107674130868,0.9466847030150202,0.8751459782349423,0.244859377486887
2090,dark,0.8156766295433044,0.027550043000019286,0.0787381109999501,12.700330085397068,3.2653061224489797,0.8548439166119628,0.9217421573384041,0.9411910429433623,0.9030807866804909,0.21720721171754606
2090,bright,0.8344239592552185,0.027430021000043325,0.07760159200000771,12.886333569031684,3.2653061224489797,0.8524909059076728,0.9203725677562494,0.9354009028718012,0.9058194933908387,0.1470936657796639
707,original,0.7847591638565063,0.027906491000010192,0.07763038699999925,12.881553714269256,5.688888888888889,0.8218692570217618,0.9022263851856025,0.8404026845626303,0.9738684087712337,0.22414170164587063
707,blur,0.5895540714263916,0.027748832999975548,0.08361850900001855,11.959074754607,5.688888888888889,0.01866542230515062,0.0366468163077773,0.9999999999166668,0.01866542230515062,0.0
707,lowres,0.5851187109947205,0.027441724999960115,0.08238906599996199,12.137532910015771,5.688888888888889,0.019598693420408153,0.03844393592671481,0.9999999999206349,0.019598693420408153,0.0
707,dark,0.7895212173461914,0.02747560800003157,0.08318275699997457,12.021722242270783,5.688888888888889,0.8249868212956972,0.904101675331525,0.843779485104672,0.9737128635853575,0.26806252249744905
707,bright,0.8262563943862915,0.027619934000028934,0.0838023510000312,11.93283944981004,5.688888888888889,0.8259034555515353,0.9046518347291933,0.8445043830062785,0.97402395395711,0.2544105349168088
2636,original,0.9372245073318481,0.027653498999995918,0.0973074959999849,10.276700574025204,3.843843843843844,0.8620198093120686,0.92589757101515,0.8909170923978932,0.9637372190253418,0.08998649703648817
2636,blur,0.8966083526611328,0.0276194809999879,0.09499310600000399,10.527079723027038,3.843843843843844,0.8650087487433705,0.9276189715744843,0.8957554261920476,0.9618330090654962,0.07465159727838884
2636,lowres,0.8955118656158447,0.027654052000002594,0.10565113799998471,9.46511338098549,3.843843843843844,0.8637868193988278,0.9269159009048533,0.8947855065203524,0.9614397483129195,0.07599308653768516
2636,dark,0.9143979549407959,0.02770842500001436,0.09571002699999553,10.448226077713327,3.843843843843844,0.8641466718623719,0.9271230476720461,0.8930824847053501,0.9638614066314187,0.09216085397788776
2636,bright,0.609355092048645,0.028157477000036124,0.09272246999995559,10.78487231844103,3.843843843843844,0.7053715205887767,0.8272350183791604,0.9052774018942293,0.7615804942665146,0.06353970824284377
1422,original,0.8830664753913879,0.028187608999985514,0.09552932000002556,10.467990351022413,3.78698224852071,0.6322073636678031,0.7746654962358984,0.8797921512942571,0.6919805156229792,0.10096094372524145
1422,blur,0.7225692868232727,0.02817344499999308,0.09250932300000159,10.809721307764654,3.78698224852071,0.6358225345924368,0.7773734878286797,0.8936531456439792,0.6878697873349916,0.10496140642940421
1422,lowres,0.7183637619018555,0.02816161999999167,0.09297623899999508,10.755436128149396,3.78698224852071,0.635355126690159,0.7770240436718745,0.8892325595636402,0.6899607936317714,0.11624249054303844
1422,dark,0.8507943749427795,0.028609040999981517,0.09256357700002127,10.803385439607311,3.78698224852071,0.6289913947493494,0.7722464302472652,0.8861230769228042,0.6843055720563896,0.1159807557554778
1422,bright,0.7498230338096619,0.028185800000017025,0.09271556099997724,10.785675988092716,3.78698224852071,0.6219694636334268,0.7669311631060337,0.8935208596710197,0.6717595342757107,0.10596315797305872
1843,original,0.9505072832107544,0.027972761999990325,0.08167447199997468,12.243727758660135,2.9906542056074765,0.8382641065827984,0.9120170530240853,0.8394702419879531,0.9982889364180446,0.1443534970699837
1843,blur,0.9134870171546936,0.02794933000001265,0.07519606099998555,13.298568923712535,2.9906542056074765,0.8417744311668549,0.9140906909360766,0.8418571147924687,0.9998833365735952,0.18394648330971952
1843,lowres,0.9286108613014221,0.02784406799997896,0.0791792929999815,12.629564651457972,2.9906542056074765,0.8400588139190197,0.9130782207225583,0.840196078431098,0.9998055609562513,0.1857439688157421
1843,dark,0.9563014507293701,0.028112602999954106,0.08052701899998738,12.418192209501221,2.9906542056074765,0.8410259770036882,0.9136492233232659,0.842157055697421,0.9984055998440605,0.1661672924030005
1843,bright,0.9540237188339233,0.02800128000001223,0.07570011399997156,13.21001973656705,2.9906542056074765,0.8386896799240305,0.91226887177469,0.838963412643742,0.9996111219128915,0.16473027281970087
405,original,0.7422409057617188,0.028118507999977282,0.1017469280000114,9.828306560763073,3.843843843843844,0.6529707263592602,0.7900572175255113,0.7367711679774128,0.8516518695576124,0.0910437410154606
405,blur,0.8460177779197693,0.02812984399997731,0.09459592100000691,10.571280340934859,3.843843843843844,0.6996137387205777,0.8232620421710967,0.7374974657023827,0.9315989414373973,0.0962820759141348
405,lowres,0.8533750176429749,0.028229033000002346,0.09593462299994826,10.423765359462967,3.843843843843844,0.6981244947452389,0.8222300507478104,0.7422515600019353,0.9215255250126085,0.09540347234420711
405,dark,0.770939826965332,0.028010160000008,0.09614631300001975,10.400814849757106,3.843843843843844,0.6748519169431956,0.805864578374046,0.7396686107691263,0.885073416424602,0.11224771410750825
405,bright,0.7572903633117676,0.02819262799999933,0.09458099699998002,10.572948390470142,3.843843843843844,0.32359929330050496,0.48896867041018616,0.8697194629402523,0.3400845142563727,0.032350171052706655
2288,original,0.9461537599563599,0.028173240000000987,0.08585906100000784,11.64699436906151,4.23841059602649,0.5292140641157501,0.6921386306001075,0.9719362255095533,0.5374262460445028,0.05530293523415928
2288,blur,0.8640629053115845,0.02799528799999962,0.07812279600000238,12.800361113547057,4.23841059602649,0.4971920475506597,0.664166027817265,0.9780662849767552,0.5027981594328369,0.07585716763943914
2288,lowres,0.8639059662818909,0.028095178999990367,0.07873827099996333,12.700304277705891,4.23841059602649,0.5223886700379589,0.6862750364858322,0.9747189582377094,0.5295637634898189,0.05674935218599049
2288,dark,0.9281041622161865,0.027438353999968967,0.08185321199999862,12.216991558010172,4.23841059602649,0.5193238370737282,0.6836249447306302,0.9851243108288295,0.5234285398443362,0.0790860715313764
2288,bright,0.8706855773925781,0.027652783999997155,0.07979299000004403,12.532429227172063,4.23841059602649,0.49498069498063235,0.662190082644572,0.8550965512714906,0.5403004048694137,0.0177366580294993
2953,original,0.940821647644043,0.027544544000022597,0.0860387919999539,11.622664344247601,3.843843843843844,0.8496974499350659,0.9187420893778003,0.9191656817796903,0.918318887216365,0.11030558077121683
2953,blur,0.9281736016273499,0.02745664899998701,0.09694548900000655,10.315075103700106,3.843843843843844,0.8401479844327056,0.9131308911459233,0.9187683900797449,0.9075621529038113,0.10534196916394115
2953,lowres,0.9321308135986328,0.027466350000054263,0.09107983400002695,10.979378816168067,3.843843843843844,0.841817876343985,0.9141163055871696,0.9180703338698133,0.910196190377211,0.10643015024708852
2953,dark,0.943821132183075,0.027486602000010407,0.0967956769999887,10.33103988724741,3.843843843843844,0.84794294854054,0.9177155054599758,0.9205551348668407,0.9148933409455396,0.17020980662412655
2953,bright,0.9210985898971558,0.02752807099994925,0.09211787199996024,10.855656761159567,3.843843843843844,0.7666160418691732,0.8678920871317944,0.8291734619110793,0.9104037992421096,0.09077066981703222
2520,original,0.8186649084091187,0.027604524000025776,0.0933189980000293,10.715931604834484,3.843843843843844,0.5746533338077442,0.7298791695542886,0.7461916424070444,0.7142646516770049,0.020032587766085505
2520,blur,0.7745623588562012,0.027604774999986148,0.09133318399995005,10.948923011383759,3.843843843843844,0.5751380231522024,0.7302700013567356,0.747073610832537,0.7142056763729135,0.04258984920095238
2520,lowres,0.7616588473320007,0.0275411750000103,0.09178442000001041,10.895095267801295,3.843843843843844,0.5764049222858906,0.7312904370408404,0.7493424513412834,0.7140877257647307,0.04807962986705029
2520,dark,0.837270975112915,0.027689830000042548,0.0922862920000398,10.835845479625174,3.843843843843844,0.5754178000023072,0.7304954914200721,0.7474811374611181,0.7142646516770049,0.01991149947366351
2520,bright,0.8282367587089539,0.027633786000023974,0.1038052580000226,9.633423385930818,3.843843843843844,0.5753084660419472,0.7304073817205371,0.7472966510866234,0.7142646516770049,0.030612949901841043
1412,original,0.6816360950469971,0.02758414999999559,0.08376358500004244,11.93836199822982,3.12958435207824,0.5981375358165549,0.7485432541460727,0.9714022780940111,0.6088588997115297,0.12214527958260897
1412,blur,0.5457226634025574,0.02744409600001063,0.07583967599998687,13.185710339798566,3.12958435207824,0.8731896569233946,0.9323024539411112,0.928938013894641,0.9356913533219856,0.19201797399846504
1412,lowres,0.5376261472702026,0.02760403000002043,0.07669793100001243,13.038161355354395,3.12958435207824,0.31919734760652707,0.48392660610735716,0.9863068733466182,0.32061816400932464,0.12241734276119991
1412,dark,0.6176564693450928,0.027495086000044466,0.07531180799998083,13.278130303288624,3.12958435207824,0.8574841343206729,0.9232747870918161,0.9494870497307645,0.8984709147302717,0.10687980576780408
1412,bright,0.6941509246826172,0.02865369699998155,0.09784308899997995,10.220445922350272,3.12958435207824,0.8336389673005137,0.9092727436173527,0.9398250850763726,0.880644283615293,0.07180835538499139
2679,original,0.44944941997528076,0.028138231000014002,0.12164104199996473,8.220909518353928,3.8323353293413174,0.030917823679164468,0.05998116041649992,0.9999999999957556,0.030917823679164468,0.0
2679,blur,0.4868077039718628,0.028636356999982127,0.12924415099996622,7.737294045904339,3.8323353293413174,0.06649431773443394,0.12469699393371093,0.9999999999980265,0.06649431773443394,0.0
2679,lowres,0.5094378590583801,0.028568769000003158,0.12568466999999828,7.9564198243112205,3.8323353293413174,0.06480144878086339,0.1217155533645401,0.999999999997975,0.06480144878086339,0.0
2679,dark,0.6036906838417053,0.02968996899994636,0.1455416740000146,6.870884280195235,3.8323353293413174,0.041232513582315264,0.0791994353700243,0.9999999999968173,0.041232513582315264,0.0
2679,bright,0.5943116545677185,0.02873355700000957,0.13299460900003623,7.519101770506559,3.8323353293413174,0.025471772394422002,0.04967815415327673,0.9999999999948481,0.025471772394422002,0.0
3067,original,0.9443128705024719,0.0288182710000342,0.12801215100000718,7.811758432212766,3.4316353887399464,0.8135881329596136,0.8972137809833487,0.875500171487242,0.920031837090072,0.08155582938807858
3067,blur,0.9032029509544373,0.028780137000012473,0.13198683600001004,7.576513160751303,3.4316353887399464,0.8312342227408551,0.9078404197762594,0.8962101258412503,0.919776539668576,0.17572509820766202
3067,lowres,0.7795261144638062,0.02886243599999716,0.12723217300003853,7.859647260757679,3.4316353887399464,0.8265779744716483,0.9050563250230171,0.8906027389293039,0.9199867846039256,0.1451043607619776
3067,dark,0.9267168045043945,0.02866920700000719,0.12398200799998449,8.065686434116515,3.4316353887399464,0.8130590577304827,0.8968919730041651,0.8748875401641022,0.920031837090072,0.07890527794488275
3067,bright,0.9460418820381165,0.028523016000008283,0.11682437899997922,8.559857185289879,3.4316353887399464,0.8157656458054839,0.8985362705698792,0.878022214259996,0.920031837090072,0.0904002119134815
2754,original,0.832199215888977,0.02880589400001554,0.132086347999973,7.570805122117575,3.9263803680981595,0.603319990581445,0.7525883717855356,0.8451972555743352,0.6782698467319591,0.058216894593126324
2754,blur,0.7903677225112915,0.029741880000017318,0.14129729900002985,7.07727611976354,3.9263803680981595,0.782805329055656,0.878172525398838,0.8317237134874707,0.9301162082746302,0.13220066965890345
2754,lowres,0.8114191293716431,0.029161916000020938,0.13671336499999143,7.314573816539903,3.9263803680981595,0.5860605031414604,0.7390140565012101,0.8752264328668664,0.6394896365511715,0.1156752904867806
2754,dark,0.8396128416061401,0.028767584999968676,0.14344968500000732,6.971085366969952,3.9263803680981595,0.6031772181688391,0.7524772824027434,0.8446707534108349,0.6784286735313343,0.07003125496055712
2754,bright,0.7254722118377686,0.028583708999974533,0.13264685799998688,7.5388140742851135,3.9263803680981595,0.44466454002869815,0.615595562440904,0.9404243743194013,0.457553537866835,0.054611860759433535
928,original,0.9246225357055664,0.029578959999980725,0.13035078899997643,7.671606805542089,3.843843843843844,0.7288856483167804,0.843185492373557,0.8104675254479754,0.8786561843837887,0.05930123563121106
928,blur,0.9560563564300537,0.029503668000018024,0.13063168600001518,7.655110567889967,3.843843843843844,0.723499889141813,0.8395705664966039,0.8057239057237249,0.8763855657012364,0.068544533684019
928,lowres,0.937906801700592,0.028961703999982547,0.13045282299998462,7.665606439196168,3.843843843843844,0.7275861369672634,0.8423153224006806,0.8111505505186836,0.8759705063721677,0.06967600415212612
928,dark,0.933519721031189,0.028201712999987194,0.09349245900000369,10.69604982793276,3.843843843843844,0.724860475892909,0.8404859245414273,0.8057197885871169,0.8783876165826265,0.062288232141807384
928,bright,0.9228997826576233,0.028154526999969676,0.1043458190000024,9.583517668302331,3.843843843843844,0.7332762277694703,0.8461158308426275,0.816616698464428,0.8778260657256513,0.0889704248717342
1187,original,0.8490948677062988,0.02802641099998482,0.08994289200001049,11.118165958015709,3.4133333333333336,0.7596028800708092,0.863379900856086,0.7596510705786647,0.9999164926926931,0.0900450175105064
1187,blur,0.8161748647689819,0.027957462000017586,0.08636732500002609,11.578452846602554,3.4133333333333336,0.8066592525188533,0.8929843869497859,0.8070400215783381,0.9994154488513572,0.20127498330257507
1187,lowres,0.7923915982246399,0.027978572999984408,0.08720672300000842,11.467005817887497,3.4133333333333336,0.790825930451177,0.8831968724642467,0.790904286940752,0.9998747390392485,0.13464926251073722
1187,dark,0.7907159924507141,0.02794712599995819,0.08657869600000367,11.55018550983902,3.4133333333333336,0.7503590005422502,0.8573772583907573,0.7609462476940031,0.9817954070977111,0.08250897789078551
1187,bright,0.7682722806930542,0.027948508999998012,0.09091654700000618,10.999097886987856,3.4133333333333336,0.7745960385715486,0.8729829456793508,0.77898633817096,0.9927766179536565,0.1106776738672215
836,original,0.6623879075050354,0.02820228500002031,0.08216156899999305,12.171140500007791,2.9698375870069604,0.6658002270146804,0.7993758389718514,0.7107268783850056,0.9132905676827278,0.1403829516429217
836,blur,0.5783699750900269,0.028082557000004726,0.07477045000001681,13.37426750808341,2.9698375870069604,0.24478945774004168,0.39330258818943636,0.900083542188304,0.2516270669198998,0.037869609318405446
836,lowres,0.49821239709854126,0.028011870000000272,0.0751018619999968,13.315249094623548,2.9698375870069604,0.24132480126457398,0.38881814174457696,0.9102740511404023,0.24720518170207592,0.050650562795577475
836,dark,0.768961489200592,0.028113281999992523,0.07525989800001298,13.287288802860555,2.9698375870069604,0.6644034263359491,0.7983682511379828,0.704995467340915,0.9202503658952885,0.1456185795636194
836,bright,0.5646762847900391,0.027572631999987607,0.07529010500002187,13.28195783495998,2.9698375870069604,0.4950735118921786,0.6622731363431208,0.832186778494833,0.54997975897603,0.1405406243193922
2170,original,0.8810746669769287,0.027905133000047044,0.0975670689999788,10.249359853171537,3.843843843843844,0.7602141114609412,0.8637745902741107,0.7610974106040119,0.998475704597462,0.032880802090604226
2170,blur,0.8954249620437622,0.02746770800001741,0.0969544729999825,10.314119287721573,3.843843843843844,0.7566197448773299,0.8614496644294146,0.7576380034941782,0.9982268400419965,0.016922128668648107
2170,lowres,0.9016686081886292,0.027511274000005415,0.09493942299997116,10.533032205181021,3.843843843843844,0.7569295369298302,0.8616504202582157,0.7579845034487486,0.99816462390313,0.018260986717825133
2170,dark,0.889028787612915,0.028149993999988965,0.09447165199998153,10.58518591376168,3.843843843843844,0.7599470123478356,0.8636021505375183,0.7603067165236995,0.9993778386110249,0.02983271865655216
2170,bright,0.8527923226356506,0.027492473999984668,0.09464780899998004,10.56548493373165,3.843843843843844,0.7575893383651946,0.8620777582434123,0.7580900228949989,0.9991289740555592,0.02013824569067593
1155,original,0.9178516268730164,0.0275498359999915,0.07395226899996032,13.5222355381758,5.565217391304348,0.7758416055239664,0.8737734301422142,0.8385911714963913,0.9120370370364586,0.14321384922433192
1155,blur,0.9128227233886719,0.027313728999956766,0.06577596999994739,15.203120531720016,5.565217391304348,0.7882416332390658,0.8815829120489866,0.9336926459109752,0.8349822425159595,0.3943706868025569
1155,lowres,0.9087588787078857,0.02730061500000147,0.06652284200004033,15.032430514610212,5.565217391304348,0.7876979437480573,0.8812427697898261,0.9202043211148476,0.8454464738705952,0.3846836990606591
1155,dark,0.896454930305481,0.027413966999972672,0.06641566700000112,15.056688356378068,5.565217391304348,0.7784100146313453,0.8753999451501127,0.8425127573459777,0.9109589041090113,0.15653152654626135
1155,bright,0.8768517971038818,0.027301702000045225,0.06591044100002819,15.172103005646289,5.565217391304348,0.7806687271701148,0.8768264587998621,0.8726678811477651,0.8810248604763565,0.25085361516662663
2713,original,0.9158637523651123,0.02744249699998136,0.07335366400002385,13.632584188291872,3.5457063711911356,0.7673021486880727,0.8683315971269164,0.7673950964238863,0.9998421717168561,0.031210714793350237
2713,blur,0.8770833015441895,0.027393231000019114,0.07290918300003568,13.715693398999006,3.5457063711911356,0.7948730824271775,0.8857150850491152,0.7952924035367778,0.9993371212118057,0.09584619535873758
2713,lowres,0.8808286190032959,0.028501536000021588,0.07397441299997354,13.518187700933263,3.5457063711911356,0.7839603960394099,0.878898878898757,0.7841156664684136,0.9997474747471592,0.05532031498223936
2713,dark,0.9209513664245605,0.027104886999950395,0.07052133799999183,14.180105317912655,3.5457063711911356,0.7661426844012658,0.8675886621935003,0.7661426844012658,0.9999999999996844,0.02866480897207267
2713,bright,0.8336320519447327,0.02676775899999484,0.07397434599999997,13.518199944613237,3.5457063711911356,0.7742952839643121,0.8727919089479879,0.7744656917883371,0.9997159090905935,0.04229443298315926
2457,original,0.8649864196777344,0.02689454799997293,0.08681208199999446,11.51913393806249,3.843843843843844,0.8877196333076991,0.940520634149701,0.9017207596948608,0.9828096587302866,0.24544349721180833
2457,blur,0.781124472618103,0.02711940799997592,0.09589256099997101,10.428337605878545,3.843843843843844,0.8909338917598335,0.9423215646430336,0.9069644638280286,0.980547215291373,0.27553713868502056
2457,lowres,0.7576643824577332,0.02679129500000954,0.09044806700001118,11.056068229737583,3.843843843843844,0.889944026249587,0.941767601462352,0.9107932996205533,0.9749228231908964,0.24205598285781343
2457,dark,0.849308967590332,0.026843742999972164,0.09150536499998907,10.928320978776703,3.843843843843844,0.8869415807558445,0.9400837734473644,0.9013270215736262,0.9823233391125762,0.24641669328624902
2457,bright,0.8546373248100281,0.026856053999949836,0.0907901479999964,11.014410946879826,3.843843843843844,0.8647905399210075,0.9274934867029516,0.8667609929988669,0.9973781029303935,0.1696445373336895
3610,original,0.9011307954788208,0.026943113000015728,0.0929157350000196,10.762439752532648,3.764705882352941,0.8063495187024144,0.8927945675559547,0.8267397481377967,0.9703212566104329,0.1266742340165842
3610,blur,0.8453022241592407,0.02716320600001154,0.09068087600002173,11.0276834996583,3.764705882352941,0.8144024125530953,0.8977086967241489,0.8355291117720637,0.9698871260555353,0.11867713192034943
3610,lowres,0.8842918276786804,0.026867188000039732,0.09075592600004256,11.018564231271586,3.764705882352941,0.8075149725160706,0.8935084741146077,0.8273624396885115,0.9711500513061467,0.10453045587339616
3610,dark,0.8798975348472595,0.027999305999969692,0.09638919999997597,10.37460628369412,3.764705882352941,0.8088383048110275,0.8943179748678843,0.8302955498443071,0.9690385981527807,0.13257794671390552
3610,bright,0.8962666392326355,0.026963392000027397,0.09127746599995135,10.955606502053126,3.764705882352941,0.8122880444671025,0.8964226707194918,0.8340042462843594,0.9689399321175767,0.1281804537975868
1627,original,0.830430805683136,0.0269293320000088,0.09389190300004202,10.650545659933556,3.8323353293413174,0.804627158486222,0.8917378359319036,0.8208470817329618,0.9760307012840135,0.03821718781713284
1627,blur,0.8606672883033752,0.02688608400001158,0.09335420799999383,10.711889923591512,3.8323353293413174,0.8049216289847495,0.8919186473902581,0.8215485175687369,0.9754732757324839,0.04620255247886253
1627,lowres,0.8446299433708191,0.026836353000021518,0.0906012699999792,11.037372875680767,3.8323353293413174,0.8009361911799527,0.889466484268039,0.8171714814081877,0.975794867396828,0.03821718781713284
1627,dark,0.8256775736808777,0.02683031399999436,0.0918063189999998,10.892496408662264,3.8323353293413174,0.7990274388636837,0.8882882179588899,0.8151696964268264,0.9758163068411175,0.040095287821846445
1627,bright,0.7994286417961121,0.02688137000001234,0.0906427720000238,11.032319267549953,3.8323353293413174,0.8067113338211425,0.8930162984199266,0.8661937772044039,0.9215530733441414,0.1405125652918207
2614,original,0.7790833711624146,0.02699644899996656,0.08521118300001262,11.735548842220062,3.2569974554707377,0.6270154692033441,0.7707553874830181,0.9686694193981683,0.6399946552049796,0.1600531067165487
2614,blur,0.534999430179596,0.02688519000002998,0.07805050700000038,12.812216581757696,3.2569974554707377,0.009008206487243866,0.01785556634589721,0.999999999987639,0.009008206487243866,0.0
2614,lowres,0.4504171907901764,0.027869010000017624,0.0773787140000195,12.923450756751372,3.2569974554707377,0.6261853611960347,0.7701279031751765,0.9607304567850312,0.6426336477111314,0.1181601980544617
2614,dark,0.596043586730957,0.027918460000023515,0.07746165599996857,12.909612983233998,3.2569974554707377,0.6267354698532726,0.770543805637683,0.962575499716194,0.6423886779426279,0.1334812801248456
2614,bright,0.5862785577774048,0.029092946999980995,0.0818313180000132,12.220260218707937,3.2569974554707377,0.5829021349412705,0.7364980084039087,0.8724160009755363,0.6372220428250986,0.041695616989071066
1209,original,0.4294367730617523,0.028051288000028762,0.08917717300005279,11.213631990771988,3.843843843843844,0.18635913400284937,0.3141698473278695,0.9999999999924071,0.18635913400284937,0.0
1209,blur,0.6676186919212341,0.02816829399995413,0.09246307300003309,10.815128326955369,3.843843843843844,0.12749398613254917,0.22615461847361176,0.9999999999889012,0.12749398613254917,0.0
1209,lowres,0.6683234572410583,0.02791492199997947,0.09325252900003989,10.723569759695978,3.843843843843844,0.07839252865419784,0.14538774439030916,0.9999999999819494,0.07839252865419784,0.0
1209,dark,0.4122503995895386,0.027939735000018118,0.0919914059999769,10.870580671418926,3.843843843843844,0.026602518749077965,0.05182632667118976,0.9999999999468084,0.026602518749077965,0.0
1209,bright,0.5019986629486084,0.027992712000013853,0.09183250399996723,10.88939053649628,3.843843843843844,0.1296165275221033,0.229487661279933,0.999999999989083,0.1296165275221033,0.0
2633,original,0.8718737959861755,0.0282002010000042,0.07955978600000435,12.56916402464865,2.56,0.5985460121565394,0.7488630387924374,0.6125564862258114,0.963193649566535,0.028832287183431983
2633,blur,0.883033275604248,0.028101382999977886,0.07175617699999748,13.936082464371466,2.56,0.6281332854214818,0.7715993414616227,0.6443665129067933,0.9614395504748018,0.04696309542280395
2633,lowres,0.8973429799079895,0.028109569999969608,0.07732661699998289,12.932157629503193,2.56,0.6260161028101895,0.7699998809707562,0.6420525035977727,0.9616327986798232,0.02988054815561412
2633,dark,0.887278139591217,0.028120653000030416,0.07269155000000183,13.756757147150871,2.56,0.6111698013544293,0.7586659095033306,0.625784705723221,0.963193649566535,0.036622684132535936
2633,bright,0.8697426915168762,0.028025191000040195,0.07082827400000724,14.118655496248543,2.56,0.54885983838892,0.7087275746781947,0.5602560005527194,0.9642639473174229,0.02167740845085266
3281,original,0.7292876243591309,0.028083170000002156,0.0807815360000177,12.379066424285135,5.688888888888889,0.2793107603322336,0.43665818969535963,0.7876316683629371,0.30205890018204057,0.06594426222737255
3281,blur,0.8279407620429993,0.02943259700003864,0.09992080999995778,10.007925276030313,5.688888888888889,0.33385391638595163,0.5005854273615233,0.8104403616191005,0.3621318738593144,0.1189214430643611
3281,lowres,0.8186253309249878,0.02801886699995748,0.0854403760000082,11.704068343518339,5.688888888888889,0.29477882523532173,0.45533464015639374,0.8025666337584647,0.31782642689559837,0.07733349796243917
3281,dark,0.7158886194229126,0.02801501199996892,0.08621146999996654,11.59938462945114,5.688888888888889,0.26903114186817967,0.42399454669352027,0.8389210019235495,0.28368517070591126,0.0768104800061898
3281,bright,0.7281869649887085,0.028782761999991635,0.08572924400004922,11.664631033016294,5.688888888888889,0.29418129357983386,0.45462145842967516,0.7916531866684191,0.31886890800062695,0.06867488362183538
2955,original,0.9174686670303345,0.028185120999978608,0.09039893799996435,11.062076857588686,4.050632911392405,0.802791064478938,0.8906091008510398,0.8779600637478433,0.9036279428790229,0.05118869130656227
2955,blur,0.886014997959137,0.02797590500000524,0.08715581000001293,11.47370439216676,4.050632911392405,0.8028536150362185,0.8906475915074109,0.8782171531475805,0.9034349671939592,0.0716535383557586
2955,lowres,0.9004838466644287,0.02792847599999959,0.08727775200003407,11.457673657768014,4.050632911392405,0.8042317138096066,0.8914949312264155,0.8796468488774529,0.9036665380160356,0.07350184155103984
2955,dark,0.9408884644508362,0.027966528999968432,0.08673929999997654,11.528799517638147,4.050632911392405,0.8018493150683559,0.8900292697760207,0.8767974835229035,0.9036665380160356,0.06104257210892618
2955,bright,0.8616662621498108,0.027997044999949594,0.0877446080000368,11.396711693094355,4.050632911392405,0.7904530334497087,0.8829642762834431,0.8634535930351072,0.9033770744884402,0.047113630815526865
621,original,0.629558265209198,0.02807767300004116,0.08738152500001206,11.444066694874712,3.18407960199005,0.7521094503374214,0.8585187988028716,0.8390710309027677,0.8788894679755922,0.05485371847476062
621,blur,0.7727910876274109,0.02803129399995896,0.08178028600002563,12.227885825682813,3.18407960199005,0.7485799917819896,0.8562147517416194,0.8405183526696736,0.872508557181571,0.05653687377320912
621,lowres,0.7471745610237122,0.028058643000008487,0.08032407700000022,12.449567269848583,3.18407960199005,0.7531239733776932,0.8591793675910677,0.8468484491933553,0.8718746918709067,0.07072528702585454
621,dark,0.52446448802948,0.028025846999980786,0.07892973499997424,12.669496483173626,3.18407960199005,0.7526631317473067,0.8588794025660182,0.8318155421812861,0.8877635823248929,0.08569734083611623
621,bright,0.3529016375541687,0.027936156999999184,0.07825921300002392,12.778048253560822,3.18407960199005,0.2317748601309804,0.3763266610366357,0.9912823904280699,0.23224824982741507,0.028882691097963365
3269,original,0.8917151689529419,0.02822271899998441,0.08262880399996675,12.102317250052444,3.4133333333333336,0.8702168243215248,0.9306052784946164,0.8709627147697684,0.9990168476558523,0.11228201804515145
3269,blur,0.8459237813949585,0.02808628799999724,0.08715083799995682,11.474358972893588,3.4133333333333336,0.8630580941259989,0.9264961697620903,0.896985292579155,0.9580149260399164,0.19025316078583068
3269,lowres,0.8620817065238953,0.028349394999963806,0.08718552500005217,11.469793867725194,3.4133333333333336,0.8823777149387557,0.9375139834435029,0.8959618791616479,0.9831076551814402,0.2635969793219219
3269,dark,0.8866912722587585,0.028124776999959522,0.08783920500002296,11.38443819021061,3.4133333333333336,0.8651926648094891,0.9277247129833206,0.8656447773324691,0.9993967019705503,0.06665126103419303
3269,bright,0.8726511001586914,0.02809255900001517,0.08746126099998719,11.433633457447481,3.4133333333333336,0.8667092948902582,0.9285958957430606,0.86711253271283,0.9994637350849088,0.06012509191393597
3324,original,0.8743395209312439,0.028239763999977185,0.09360174200003257,10.683561850800299,3.843843843843844,0.729848950674935,0.8438296885865901,0.9037740013240448,0.7913425769359564,0.07846847272335358
3324,blur,0.8826839327812195,0.028396584999995866,0.09684241999997312,10.326053396851066,3.843843843843844,0.7312619121491761,0.8447732916868631,0.8985838779954796,0.7970433354267039,0.03083783077533094
3324,lowres,0.8747491836547852,0.028338560999998208,0.09764195399998243,10.24149926373022,3.843843843843844,0.7317022630728754,0.8450670518550718,0.9004407853992751,0.7961093128491238,0.03669625846507058
3324,dark,0.8616489768028259,0.028344454000034602,0.0958317199999783,10.434958278952172,3.843843843843844,0.750174110522218,0.8572565506621288,0.926114911591917,0.7979290464916505,0.07649030115049765
3324,bright,0.8429958820343018,0.02832120099998292,0.09576947199997221,10.441740766831106,3.843843843843844,0.5768029462495025,0.7316106906337974,0.9427047619045226,0.5977583458137112,0.04036159564132828
629,original,0.9304869174957275,0.02809178699999393,0.08829726200002597,11.325379489113784,3.4133333333333336,0.7758513526774645,0.8737796116862006,0.838204629793151,0.9125081759069278,0.06211625912787494
629,blur,0.8856399059295654,0.02797640700003967,0.0880306869999572,11.35967506422489,3.4133333333333336,0.7550866776227795,0.8604551413329913,0.8133580026952634,0.9133417978016861,0.0507608218820226
629,lowres,0.8708865642547607,0.02806275000000369,0.08816554300000234,11.34229956480814,3.4133333333333336,0.7757643777103782,0.8737244506623423,0.8376276530659281,0.913072473804918,0.06883972808241312
629,dark,0.9054887294769287,0.027922798999952647,0.08687786400003006,11.510411904229759,3.4133333333333336,0.7723021504675507,0.8715242491398092,0.833753060100871,0.9128800995215123,0.0798603484929848
629,bright,0.8520563840866089,0.027920033999976113,0.08628778299998885,11.58912612229392,3.4133333333333336,0.7831815950371778,0.8784092402219406,0.857605375687128,0.9002475215778667,0.09378217323307747
1278,original,0.8546803593635559,0.02810336599998209,0.09258932699998468,10.80038091215595,3.8208955223880596,0.7461854579481848,0.8546462857673468,0.7491115559001882,0.9947925142386792,0.11375656622656871
1278,blur,0.8786662220954895,0.027991576000033547,0.09370432600002232,10.671865885890496,3.8208955223880596,0.7426066580475345,0.8522940671873387,0.7442303020484475,0.9970707892590197,0.10860914784924251
1278,lowres,0.8739790916442871,0.027958753000007164,0.09244333700002016,10.81743728052333,3.8208955223880596,0.7420500403548256,0.8519273535950584,0.7434601544492203,0.9974505017624098,0.1074035881843143
1278,dark,0.8768038153648376,0.028103168000029655,0.10878758100000141,9.192225719220534,3.8208955223880596,0.7489264242768193,0.8564413160908131,0.7527129233801575,0.9933279088684603,0.08942252567008062
1278,bright,0.8466723561286926,0.028076163999969594,0.09382014300001629,10.658691918640823,3.8208955223880596,0.7575632846261545,0.8620608899295406,0.7584998969706331,0.9983726606992143,0.13660082904187112
1483,original,0.7311891913414001,0.028085081999961403,0.08768244400005187,11.404791590884583,3.4133333333333336,0.7290933840077725,0.8433244736820936,0.8403181210971388,0.8463524147748172,0.06177586144186785
1483,blur,0.7685151100158691,0.028012219999993704,0.08654919200000677,11.554122885398188,3.4133333333333336,0.7365807873329249,0.8483115703061304,0.8494760291163327,0.8471502995977961,0.059792551445870076
1483,lowres,0.7572581768035889,0.02793195599997489,0.08587773400000742,11.644461881119424,3.4133333333333336,0.7375149278036129,0.8489307527687295,0.8476331591669894,0.850232325286558,0.062249679617677356
1483,dark,0.7803908586502075,0.027963190999969356,0.0885382369999661,11.294555142320972,3.4133333333333336,0.7760173717225919,0.8738848888284446,0.8441942868807005,0.9057400772851726,0.059305624931911764
1483,bright,0.782028317451477,0.02803935399998636,0.09064012999999704,11.032640840210982,3.4133333333333336,0.7283817483317748,0.8428482296053,0.8403446291658232,0.8453667923464314,0.0671726990647683
1146,original,0.8148019909858704,0.02826228800000763,0.08863893399995959,11.28172412362784,3.4133333333333336,0.6096955800063982,0.7575290478265149,0.8713621912445901,0.6700013163089434,0.11901252101074528
1146,blur,0.7089335918426514,0.028307523999956175,0.08828421999999136,11.3270525582046,3.4133333333333336,0.6010828807316841,0.7508454283853104,0.8503294559811484,0.6722014328963177,0.09308859044291558
1146,lowres,0.7223407030105591,0.028261391000000913,0.0890556520000132,11.228933566168847,3.4133333333333336,0.6099391169397121,0.7577169975211587,0.8675981854787698,0.6725399123712984,0.11595159625034505
1146,dark,0.8112910985946655,0.029540559000054145,0.09184055899999066,10.88843546782094,3.4133333333333336,0.597245892698787,0.7478446436192118,0.8644088700325931,0.6589819289567952,0.10126272164698015
1146,bright,0.6023101210594177,0.028112196999984462,0.08830620199995565,11.324232923079427,3.4133333333333336,0.6118262474997672,0.7591714658435671,0.8706334533422033,0.673010022753216,0.15862931389548607
843,original,0.8004905581474304,0.028098026000009213,0.08892364199999747,11.245603278372567,3.4133333333333336,0.858336265854675,0.9237685144780986,0.9472831042517184,0.9013930620048443,0.06896895740952066
843,blur,0.8042550683021545,0.027984316000015497,0.08988191499997811,11.12570865896931,3.4133333333333336,0.8627832561573417,0.9263377833201502,0.9529987510513298,0.9011279463983722,0.0875814898911681
843,lowres,0.7928797602653503,0.028188936999981706,0.09530781800003751,10.49231868889923,3.4133333333333336,0.8600253368650728,0.9247458298762512,0.9510039478710404,0.899898774041093,0.08823690650020682
843,dark,0.8203513622283936,0.028006021999999575,0.08942672500000981,11.18233950756768,3.4133333333333336,0.8579061625719789,0.9235193680442317,0.9464669719431489,0.9016581776113163,0.06604731998250472
843,bright,0.7992079854011536,0.029487570000014784,0.10568166699999892,9.462379127687399,3.4133333333333336,0.8584536035139153,0.9238364647799371,0.9475947121678466,0.9012404196859665,0.08753623310205885
1283,original,0.8293367028236389,0.029033967000032135,0.12785215799999605,7.821533993974751,3.657142857142857,0.6790535838551596,0.8088527851458216,0.833191024283474,0.785896072935668,0.17489873298850406
1283,blur,0.8310588598251343,0.029018300999950952,0.1278290609999999,7.822947240455758,3.657142857142857,0.6123687069901286,0.759588925703304,0.9065683646110576,0.6536194065911772,0.2525459698494312
1283,lowres,0.8212302923202515,0.031014846000005036,0.1270456089999925,7.871188999535269,3.657142857142857,0.6122607655501477,0.7595058797343214,0.8951165129189668,0.6595792661317839,0.20148719581581628
1283,dark,0.8446691632270813,0.028782190000015362,0.13781807300000537,7.255942404592764,3.657142857142857,0.6774815513509574,0.8077365152604494,0.8299094322949772,0.7867175670885624,0.16635509245821511
1283,bright,0.7933533787727356,0.03004357300000038,0.13756754899998214,7.2691561874096475,3.657142857142857,0.6715390873863134,0.8034979169244068,0.8235333908306998,0.7844141619147604,0.16399876150706308
1636,original,0.8789076805114746,0.030973765999988245,0.14237885900001856,7.0235146356937,3.843843843843844,0.516723036452406,0.6813676907829052,0.9999999999997923,0.516723036452406,0.0
1636,blur,0.9152548909187317,0.028589160000024094,0.1293697119999706,7.7297845418425855,3.843843843843844,0.5891662116003781,0.7414784020697938,0.9953330197892633,0.5907983035378117,0.011693622092004283
1636,lowres,0.902026891708374,0.028607531999966795,0.1251150809999899,7.992641590505629,3.843843843843844,0.5892411636845813,0.7415377566969801,0.9953336106637858,0.5908734632522048,0.011727907546498759
1636,dark,0.8747333884239197,0.028834933000041474,0.12822606800000358,7.798726230924995,3.843843843843844,0.5251838728726553,0.6886826988059889,0.9999999999997956,0.5251838728726553,0.011757156205964158
1636,bright,0.7012531757354736,0.028750204000004942,0.12646526800000402,7.907309380785626,3.843843843843844,0.5889092330259668,0.7412748579784261,0.9953309927972429,0.5905406130884641,0.011342150170588216
1622,original,0.8784283399581909,0.028757476000009774,0.12898177400001032,7.75303338594118,3.4133333333333336,0.4431843700875192,0.6141756788297854,0.928023512123166,0.45896015930457434,0.026385922979732124
1622,blur,0.7757939100265503,0.029033684000012272,0.13408716499998263,7.457835356576668,3.4133333333333336,0.4501475755445608,0.6208300219038341,0.9316152302274844,0.46553002223862766,0.048117981622952916
1622,lowres,0.832461953163147,0.02935165799999595,0.12634113699999716,7.915078364381211,3.4133333333333336,0.44937830538983214,0.6200980154300917,0.9329264731644769,0.46438174973466706,0.053878150284410904
1622,dark,0.8547592163085938,0.02951298499999666,0.13993146299998216,7.146355641262233,3.4133333333333336,0.448378161776015,0.6191451564365061,0.9320745893491168,0.46352417913044325,0.0451921391481005
1622,bright,0.7233179211616516,0.029500369999993836,0.13089900699998225,7.639477356769678,3.4133333333333336,0.4418688479134283,0.6129112901674378,0.9053773826091795,0.46326254742068007,0.025469852837538626
1768,original,0.9249289035797119,0.029635716000029788,0.1364472649999584,7.328838727550199,3.4133333333333336,0.7358933088064531,0.8478554587118383,0.735960998942019,0.999875031241877,0.0335543816452885
1768,blur,0.8893440961837769,0.02914282900002263,0.1324301509999941,7.551150492911878,3.4133333333333336,0.7459620950423056,0.8544997593710424,0.746798766239661,0.9985003749059614,0.04782993302410867
1768,lowres,0.8956290483474731,0.031284042000038426,0.14437499799998932,6.926407022357666,3.4133333333333336,0.7470470143328944,0.8552111170495919,0.7471516623083799,0.9998125468629718,0.048038191255757874
1768,dark,0.914120614528656,0.028135423000037463,0.10412479799998664,9.60386016787402,3.4133333333333336,0.7362392179411763,0.8480849992712468,0.7362392179411763,0.9999999999996876,0.033005669583958314
1768,bright,0.8923851251602173,0.028226296000013917,0.09339783000001489,10.706886873065901,3.4133333333333336,0.7593462960752095,0.8632141355788532,0.7626213010660686,0.9943764058982146,0.09906132046961903
650,original,0.8525442481040955,0.028414408000003277,0.09272716899999978,10.78432578913309,3.4133333333333336,0.7539386692923579,0.8597092731828999,0.8465547877590199,0.8732790224031401,0.09931251911452854
650,blur,0.6798259615898132,0.028335974000015085,0.08999854099999993,11.111291237487958,3.4133333333333336,0.7531110823863085,0.8591709788990495,0.848433900818019,0.870183299388884,0.11667367513494108
650,lowres,0.6703936457633972,0.028251732000001084,0.09185235500001454,10.88703713693396,3.4133333333333336,0.7535369189765826,0.8594480228182131,0.8477887562082786,0.8714324507806014,0.12310000057076394
650,dark,0.8444770574569702,0.028265232999956424,0.09352895699998953,10.691875886097094,3.4133333333333336,0.7500265352091859,0.8571601859963031,0.8509098207116871,0.8635030549896995,0.12061392361169032
650,bright,0.7388100028038025,0.028513322999970114,0.09573850099997117,10.44511862578986,3.4133333333333336,0.7470696733503008,0.8552259646493303,0.8580605480761487,0.8524100475219482,0.08666773715594103
1136,original,0.927033543586731,0.028319162000002507,0.09621921199999406,10.39293483301507,4.794007490636704,0.6589259796802808,0.7944006999122087,0.7150585496126035,0.8935478350154941,0.12659509753949785
1136,blur,0.9267606735229492,0.028739477999977225,0.09521410499996819,10.502645590171058,4.794007490636704,0.654262983148121,0.7910023857307565,0.7094626723723187,0.8937189799752748,0.12960192982750296
1136,lowres,0.8964436054229736,0.02809912999998687,0.10672179700003426,9.37015706360041,4.794007490636704,0.6544952631905047,0.7911721208900719,0.7103847463393187,0.8926921102165901,0.1430425227623419
1136,dark,0.9132994413375854,0.027991815000007136,0.09693658999998434,10.316022051117763,4.794007490636704,0.7090389424789503,0.829751651475529,0.8112328319156219,0.8491357179523796,0.26574591722388724
1136,bright,0.8862148523330688,0.028305245000012746,0.09905647699997644,10.09525101523889,4.794007490636704,0.6823745009485683,0.8112040459051503,0.7437049718234227,0.8921786753372478,0.2357508359975953
1437,original,0.7901280522346497,0.028358316000037576,0.09403315399998746,10.634547044972386,3.4133333333333336,0.548959399521723,0.7088105726867042,0.5492092388206289,0.9991720140736925,0.23619359027340842
1437,blur,0.8019160032272339,0.028486326000006557,0.09336019699998133,10.711202762352784,3.4133333333333336,0.536471113093312,0.6983159117300389,0.537730575740036,0.9956530738956828,0.2268004049231455
1437,lowres,0.8167939186096191,0.028512923999983286,0.09167077099999688,10.908602481373633,3.4133333333333336,0.5166506049892743,0.6813047161813884,0.5169827493833526,0.9987580211115737,0.21612949769641
1437,dark,0.8108424544334412,0.028161853000028714,0.09123117199999342,10.961165773471288,3.4133333333333336,0.5426382786971469,0.7035197896884011,0.5434954304405466,0.9971020492630985,0.20935035111910477
1437,bright,0.7844792008399963,0.02846246199999314,0.0984730710000008,10.15506056473035,3.4133333333333336,0.52480477721575,0.6883566802224067,0.541020480643375,0.9459739184414283,0.2337043367280816
3621,original,0.9092625379562378,0.028230507000046146,0.09849352800000588,10.152951369555371,3.855421686746988,0.7755726082890356,0.8736028080951161,0.8223741274625538,0.9316379290173991,0.035025420216132946
3621,blur,0.8673218488693237,0.028126994999979615,0.09894790300000977,10.106328377670634,3.855421686746988,0.8097619409794627,0.894882274451203,0.8121710275381776,0.9963502795777095,0.09233154281147021
3621,lowres,0.8741762638092041,0.028066951000027984,0.11744771600001513,8.514426964249106,3.855421686746988,0.80235567226076,0.8903411070405833,0.8112470660662566,0.9865241092106342,0.08687169684922444
3621,dark,0.9201855659484863,0.02821720100001812,0.09579513300002418,10.438943698734127,3.855421686746988,0.7828976862949959,0.8782306380372504,0.8243201641865933,0.9396860304609084,0.04217297571696069
3621,bright,0.9167420864105225,0.028225798999983454,0.0959746230000178,10.419420975478221,3.855421686746988,0.7659483512424915,0.8674640463902392,0.8188541277159793,0.922209484593753,0.03409962279663401
1275,original,0.8680273294448853,0.02825168100002884,0.09771562899999253,10.233777444139221,3.843843843843844,0.420171637352295,0.591719516572862,0.4403775937304408,0.9015496809477114,0.03443956920178758
1275,blur,0.9277991056442261,0.028310777999990933,0.09839873099997476,10.162732688089815,3.843843843843844,0.4268229526307784,0.5982843937908366,0.4476895777503354,0.9015496809477114,0.034629303988695743
1275,lowres,0.9348105192184448,0.028282031999992796,0.09802111400000513,10.201883647230817,3.843843843843844,0.42439066254712937,0.5958908236427553,0.4450143988480121,0.9015496809477114,0.034629303988695743
1275,dark,0.8725887537002563,0.028726853999955893,0.0986063179999519,10.141338002302122,3.843843843843844,0.4210158870706113,0.5925561999711699,0.44130508504820154,0.9015496809477114,0.03468389851674873
1275,bright,0.8772124648094177,0.02830921899999339,0.12021882800002004,8.318164605629272,3.843843843843844,0.4189257878684482,0.5904830139112078,0.43900923295446753,0.9015496809477114,0.03427858646135937
461,original,0.5677200555801392,0.02819968900001868,0.09931610099999943,10.068860838586541,3.4133333333333336,0.1687039150280714,0.28870257532083177,0.9926399380198898,0.1689152073124993,0.012532305125881065
461,blur,0.7388420701026917,0.028341640999997253,0.10841297999996868,9.22398775497444,3.4133333333333336,0.16576325491571214,0.28438579482880905,0.9925103475455013,0.1659708641866619,0.012556893716184193
461,lowres,0.7009217739105225,0.028047877999995308,0.08927366799997571,11.201511289983873,3.4133333333333336,0.1642342975025058,0.2821327250963457,0.992704118855878,0.1644327744940603,0.015638813169292328
461,dark,0.6687700152397156,0.028278056000033303,0.09479626499995675,10.548938821592351,3.4133333333333336,0.8489539471815856,0.918307293132607,0.8595434034928905,0.9856957658586951,0.10840923990155774
461,bright,0.6582403182983398,0.027991202000009707,0.08867490500000486,11.27714768907782,3.4133333333333336,0.15828553253560018,0.2733100398640009,0.9893741002255505,0.15855507459733267,0.013431828951860693
2925,original,0.8878592848777771,0.0280608079999638,0.10005320099998016,9.994682728843411,4.413793103448276,0.7161315686016622,0.8345881885794809,0.9274004683839177,0.7586628165258832,0.19097016049862717
2925,blur,0.8585964441299438,0.02802007700000786,0.09930811199996015,10.069670844214633,4.413793103448276,0.7187298919251595,0.8363500225391506,0.9300096854767244,0.7598289649043815,0.21544630190589317
2925,lowres,0.8320307731628418,0.027948898999966332,0.10250150500002064,9.755954315010287,4.413793103448276,0.7155293162806201,0.8341790600605234,0.9261424287092418,0.7588294091513829,0.16833284535839776
2925,dark,0.8948588371276855,0.028077489999986938,0.09870914300000777,10.130773802786651,4.413793103448276,0.7170739964322448,0.8352278328391076,0.9203054761783861,0.7645490892935412,0.15603867014615155
2925,bright,0.8286493420600891,0.028034241999989717,0.09952784500001144,10.047439487913007,4.413793103448276,0.7139920105137586,0.8331334173485953,0.9192662087450295,0.7617586628164202,0.1585842484849073
2245,original,0.9018920660018921,0.02800998099996832,0.09199974199998451,10.869595699520206,3.855421686746988,0.8729234457952995,0.9321506949523289,0.8763755158182167,0.9955078124997223,0.24006519792132955
2245,blur,0.8650692105293274,0.028049683000006098,0.10507759699999042,9.516776444745792,3.855421686746988,0.9022390169916192,0.9486074136135694,0.9197830131814462,0.9792968749997268,0.37997864443633605
2245,lowres,0.8842191100120544,0.02871290000001636,0.09407035899999983,10.630341062055496,3.855421686746988,0.9029637081170774,0.9490078074169176,0.9227910164485126,0.9767578124997276,0.3931496057480096
2245,dark,0.919215202331543,0.028031638999948427,0.09226589700000432,10.838240699052145,3.855421686746988,0.8732860752039852,0.9323574084741879,0.8783923813281165,0.9933872767854371,0.2564077723436427
2245,bright,0.8926100730895996,0.028107653000006394,0.0921164950000275,10.855819036533049,3.855421686746988,0.8675707517607432,0.9290901037540865,0.8951710938103885,0.9656808035711592,0.18066076516180615
807,original,0.634061336517334,0.02816577200002257,0.09528886999999031,10.494405065356549,4.012539184952978,0.011557565985259607,0.022851029687079662,0.9999999999906368,0.011557565985259607,0.0
807,blur,0.5645388960838318,0.02821844400000373,0.09530122600000368,10.493044444149767,4.012539184952978,0.004307033016978767,0.008577124077365597,0.9999999999748743,0.004307033016978767,0.0
807,lowres,0.6301849484443665,0.029037194000011368,0.09948466899999175,10.051800041673586,4.012539184952978,0.004307033016978767,0.008577124077365597,0.9999999999748743,0.004307033016978767,0.0
807,dark,0.6506054997444153,0.02817993899998328,0.09574079800000845,10.44486802794261,4.012539184952978,0.004101420888027519,0.008169335891189601,0.9999999999736148,0.004101420888027519,0.0
807,bright,0.5270442962646484,0.02835286200001974,0.09689842499994938,10.320085181988484,4.012539184952978,0.010659365632472577,0.021093883844438378,0.9999999999898477,0.010659365632472577,0.0
2268,original,0.91251140832901,0.028260627000008753,0.09450663000001214,10.581268213667883,3.843843843843844,0.6772901855024293,0.8076004872103252,0.6776778413731172,0.9991561181422552,0.08059274872849347
2268,blur,0.8799853920936584,0.02816675799999757,0.10574483400000645,9.456726746575052,3.843843843843844,0.7011679079208689,0.8243370976564228,0.7017618160251552,0.9987944544894528,0.10860644647797323
2268,lowres,0.9017978310585022,0.028284513000016887,0.09314752599999565,10.73565818591947,3.843843843843844,0.6873082981010633,0.8146801611472857,0.6875362799563085,0.9995177817950578,0.07327540586473319
2268,dark,0.8926185965538025,0.028035131000024194,0.09290842100000418,10.763287000647175,3.843843843843844,0.6797835710766684,0.8093704245969695,0.6799507995074374,0.9996383363459919,0.08558666964071007
2268,bright,0.9123606085777283,0.028093882000007397,0.09286167900000919,10.768704709721014,3.843843843843844,0.6779577810500098,0.8080748976005422,0.6784573814781966,0.998915009040387,0.08230625206794984
2290,original,0.9030293226242065,0.028142580999997335,0.09491205699998773,10.536069195087926,4.142394822006472,0.5996237762428979,0.7497060060600735,0.9786652323963564,0.6075657025194976,0.06288934559656037
2290,blur,0.9154266119003296,0.028079355000045325,0.09189780000002656,10.881653314874903,4.142394822006472,0.586270847408154,0.7391812670151204,0.9245440681858981,0.6157324317931167,0.030456847967890523
2290,lowres,0.9220320582389832,0.02803576299999122,0.09309416400003556,10.741811914220724,4.142394822006472,0.5864838004372112,0.7393505061641159,0.92501097247457,0.6157602571058036,0.030056350814781214
2290,dark,0.9185567498207092,0.028100473999984388,0.09306443599996328,10.74524322051868,4.142394822006472,0.5862041562362637,0.7391282565129643,0.924315519077559,0.6157602571058036,0.030670921709608223
2290,bright,0.5348606109619141,0.028057493000005707,0.09636757300000909,10.376934573208622,4.142394822006472,0.004312923466476854,0.008588804078295457,0.9999999999677419,0.004312923466476854,0.0
2741,original,0.9242086410522461,0.028144704999988335,0.09510449200001858,10.514750449429924,3.843843843843844,0.734850815133482,0.8471631205671614,0.7350769230765999,0.9995815899575615,0.05475972682825021
2741,blur,0.9059743881225586,0.028148698999984845,0.1056191119999994,9.467983408154442,3.843843843843844,0.7478311421157553,0.8557247025711,0.7480653097737651,0.9995815899575615,0.057930995611747076
2741,lowres,0.9114425182342529,0.028079760000025544,0.09415669199995591,10.620594020024283,3.843843843843844,0.7325973627718348,0.8456637168139455,0.7328220858892494,0.9995815899575615,0.05553485851592831
2741,dark,0.9415301084518433,0.028007849999994505,0.09325634200001787,10.723131301888385,3.843843843843844,0.7313478527067562,0.8448306347720719,0.7315718097901345,0.9995815899575615,0.05379584377963347
2741,bright,0.8874121904373169,0.02806844000002684,0.09324483199998213,10.724454948883299,3.843843843843844,0.7412795871148152,0.8514193729716506,0.743562279644422,0.9958756724441148,0.1502830418061919
2072,original,0.7087060809135437,0.02825638600000957,0.09401137399999016,10.637010794035461,3.843843843843844,0.7614990591676873,0.8646034242306068,0.9290861552193963,0.8084905660375116,0.08443505781649345
2072,blur,0.7667821645736694,0.028088586000023952,0.09241165999998202,10.821145297034969,3.843843843843844,0.3479066724813705,0.5162177465015538,0.9516850581561648,0.3541620421752625,0.1527192051428774
2072,lowres,0.7630767822265625,0.028149846000019352,0.09404246500002955,10.633494134800548,3.843843843843844,0.34708400359889113,0.5153115955227974,0.9523453280459696,0.3532186459488476,0.15716565769565502
2072,dark,0.7620295882225037,0.028162287999975888,0.09415279699999246,10.621033382577897,3.843843843843844,0.799578826954867,0.8886288446812453,0.9269417402571124,0.8533573806878876,0.09143568624953223
2072,bright,0.7126063108444214,0.028236644999992677,0.10061319999999796,9.939053722573382,3.843843843843844,0.35292361148804147,0.5217199382009026,0.9421697224429725,0.36073806881233056,0.13006719651328236
